mode	vram_cache_mb	ubatch	run_count	prefill_ms_mean	prefill_ms_stddev	prefill_ms_min	prefill_ms_max	prefill_ms_per_token_mean	prefill_ms_per_token_stddev	prefill_ms_per_token_min	prefill_ms_per_token_max	prefill_tok_s_mean	prefill_tok_s_stddev	prefill_tok_s_min	prefill_tok_s_max	decode_total_ms_mean	decode_total_ms_stddev	decode_total_ms_min	decode_total_ms_max	tpot_ms_mean	tpot_ms_stddev	tpot_ms_min	tpot_ms_max	decode_tok_s_mean	decode_tok_s_stddev	decode_tok_s_min	decode_tok_s_max	inference_ttft_ms_mean	inference_ttft_ms_stddev	inference_ttft_ms_min	inference_ttft_ms_max	service_cold_start_ttft_ms_mean	service_cold_start_ttft_ms_stddev	service_cold_start_ttft_ms_min	service_cold_start_ttft_ms_max	cache_hit_prefill_pct_mean	cache_hit_prefill_pct_stddev	cache_hit_prefill_pct_min	cache_hit_prefill_pct_max	cache_hit_decode_pct_mean	cache_hit_decode_pct_stddev	cache_hit_decode_pct_min	cache_hit_decode_pct_max	prefill_gpu_hit_pct_mean	prefill_gpu_hit_pct_stddev	prefill_gpu_hit_pct_min	prefill_gpu_hit_pct_max	decode_gpu_hit_pct_mean	decode_gpu_hit_pct_stddev	decode_gpu_hit_pct_min	decode_gpu_hit_pct_max	decode_global_gpu_hit_pct_mean	decode_global_gpu_hit_pct_stddev	decode_global_gpu_hit_pct_min	decode_global_gpu_hit_pct_max	host_hit_pct_mean	host_hit_pct_stddev	host_hit_pct_min	host_hit_pct_max	prefill_host_hit_pct_mean	prefill_host_hit_pct_stddev	prefill_host_hit_pct_min	prefill_host_hit_pct_max	decode_host_hit_pct_mean	decode_host_hit_pct_stddev	decode_host_hit_pct_min	decode_host_hit_pct_max	host_initial_experts_mean	host_initial_experts_stddev	host_initial_experts_min	host_initial_experts_max	host_final_experts_mean	host_final_experts_stddev	host_final_experts_min	host_final_experts_max	host_ready_gib_after_prefill_mean	host_ready_gib_after_prefill_stddev	host_ready_gib_after_prefill_min	host_ready_gib_after_prefill_max	host_ready_gib_after_decode_mean	host_ready_gib_after_decode_stddev	host_ready_gib_after_decode_min	host_ready_gib_after_decode_max	host_preload_alloc_ms_mean	host_preload_alloc_ms_stddev	host_preload_alloc_ms_min	host_preload_alloc_ms_max	host_preload_read_ms_mean	host_preload_read_ms_stddev	host_preload_read_ms_min	host_preload_read_ms_max	host_preload_total_ms_mean	host_preload_total_ms_stddev	host_preload_total_ms_min	host_preload_total_ms_max	host_admissions_mean	host_admissions_stddev	host_admissions_min	host_admissions_max	host_evictions_mean	host_evictions_stddev	host_evictions_min	host_evictions_max	host_bypasses_mean	host_bypasses_stddev	host_bypasses_min	host_bypasses_max	source_total_gib_mean	source_total_gib_stddev	source_total_gib_min	source_total_gib_max	prefill_source_gib_mean	prefill_source_gib_stddev	prefill_source_gib_min	prefill_source_gib_max	decode_source_gib_mean	decode_source_gib_stddev	decode_source_gib_min	decode_source_gib_max	prefill_h2d_gib_mean	prefill_h2d_gib_stddev	prefill_h2d_gib_min	prefill_h2d_gib_max	decode_h2d_gib_mean	decode_h2d_gib_stddev	decode_h2d_gib_min	decode_h2d_gib_max	prefill_source_ms_per_token_mean	prefill_source_ms_per_token_stddev	prefill_source_ms_per_token_min	prefill_source_ms_per_token_max	decode_source_ms_per_token_mean	decode_source_ms_per_token_stddev	decode_source_ms_per_token_min	decode_source_ms_per_token_max	prefill_h2d_ms_per_token_mean	prefill_h2d_ms_per_token_stddev	prefill_h2d_ms_per_token_min	prefill_h2d_ms_per_token_max	decode_h2d_ms_per_token_mean	decode_h2d_ms_per_token_stddev	decode_h2d_ms_per_token_min	decode_h2d_ms_per_token_max	prefill_compute_ms_per_token_mean	prefill_compute_ms_per_token_stddev	prefill_compute_ms_per_token_min	prefill_compute_ms_per_token_max	decode_compute_ms_per_token_mean	decode_compute_ms_per_token_stddev	decode_compute_ms_per_token_min	decode_compute_ms_per_token_max	prefill_stall_ms_per_token_mean	prefill_stall_ms_per_token_stddev	prefill_stall_ms_per_token_min	prefill_stall_ms_per_token_max	decode_stall_ms_per_token_mean	decode_stall_ms_per_token_stddev	decode_stall_ms_per_token_min	decode_stall_ms_per_token_max	model_init_ms_mean	model_init_ms_stddev	model_init_ms_min	model_init_ms_max	page_cache_prepare_ms_mean	page_cache_prepare_ms_stddev	page_cache_prepare_ms_min	page_cache_prepare_ms_max	page_cache_resident_after_prepare_pct_mean	page_cache_resident_after_prepare_pct_stddev	page_cache_resident_after_prepare_pct_min	page_cache_resident_after_prepare_pct_max	process_read_total_gib_mean	process_read_total_gib_stddev	process_read_total_gib_min	process_read_total_gib_max	peak_rss_gib_mean	peak_rss_gib_stddev	peak_rss_gib_min	peak_rss_gib_max	peak_hwm_gib_mean	peak_hwm_gib_stddev	peak_hwm_gib_min	peak_hwm_gib_max	peak_locked_gib_mean	peak_locked_gib_stddev	peak_locked_gib_min	peak_locked_gib_max
control	6000	512	3	6253.166666666667	135.02349178322055	6157.4	6407.6	6.106608072916667	0.13185887869455132	6.0130859375	6.257421875	163.80737309292832	3.497271646249053	159.8102253573881	166.30395946340988	56969.200000000004	2535.404715227925	55473.5	59896.6	55.633984375000004	2.4759811672147705	54.17333984375	58.4927734375	17.997795225523074	0.780938292655342	17.096128995635812	18.45926433342046	6253.166666666667	135.02349178322055	6157.4	6407.6	6253.166666666667	135.02349178322055	6157.4	6407.6	15.1	0.0	15.1	15.1	78.4	0.0	78.4	78.4	15.12801109849918	0.0	15.12801109849918	15.12801109849918	78.39263916015625	0.0	78.39263916015625	78.39263916015625	0.0	0.0	0.0	0.0	0.0	0.0	0.0	0.0	0.0	0.0	0.0	0.0	0.0	0.0	0.0	0.0	0.0	0.0	0.0	0.0	0.0	0.0	0.0	0.0	0.0	0.0	0.0	0.0	0.0	0.0	0.0	0.0	0.0	0.0	0.0	0.0	0.0	0.0	0.0	0.0	0.0	0.0	0.0	0.0	0.0	0.0	0.0	0.0	0.0	0.0	0.0	0.0	0.0	0.0	0.0	0.0	149.98	0.0	149.98	149.98	23.962509155273438	0.0	23.962509155273438	23.962509155273438	126.01956939697266	0.0	126.01956939697266	126.01956939697266	23.962509155273438	0.0	23.962509155273438	23.962509155273438	126.01956939697266	0.0	126.01956939697266	126.01956939697266	4.660502278645834	0.11661015477337866	4.575978515625	4.793537109375	34.14880338541666	0.0940293652865523	34.0700009765625	34.2528896484375	2.9593701171875	0.05351530484514468	2.9046318359375	3.011572265625	25.312603841145833	1.019792394993762	24.139890625	25.991341796875	0.37792480468750006	0.00018770079986777684	0.377728515625	0.3781025390625	7.1913203125	0.047751067454205015	7.1392001953125	7.2329619140625	0.9671389973958333	0.4805319416098802	0.417775390625	1.309353515625	12.87889453125	2.117592291551725	11.356087890625	15.297099609375	7704.239700000001	78.48052973929273	7645.8981	7793.4637	2663.973	15.031756284612914	2647.15	2676.085	100.0	0.0	100.0	100.0	0.0	0.0	0.0	0.0	1.3085276285807292	0.00015087758632605178	1.3083534240722656	1.3086166381835938	1.3119392395019531	0.0031055970322906045	1.3083534240722656	1.3137664794921875	0.0	0.0	0.0	0.0
control	6000	1024	3	4249.5	117.91441811754822	4161.6	4383.5	4.14990234375	0.11515079894291819	4.0640625	4.28076171875	241.09160229476547	6.599469233489629	233.60328504619596	246.05920799692424	57463.299999999996	1375.7079595611874	56620.0	59050.8	56.116503906249996	1.343464804258972	55.29296875	57.666796875	17.8267888508685	0.42100092460290883	17.341001307348925	18.08548216178029	4249.5	117.91441811754822	4161.6	4383.5	4249.5	117.91441811754822	4161.6	4383.5	0.0	0.0	0.0	0.0	77.6	0.0	77.6	77.6	0.0	0.0	0.0	0.0	77.55828857421875	0.0	77.55828857421875	77.55828857421875	0.0	0.0	0.0	0.0	0.0	0.0	0.0	0.0	0.0	0.0	0.0	0.0	0.0	0.0	0.0	0.0	0.0	0.0	0.0	0.0	0.0	0.0	0.0	0.0	0.0	0.0	0.0	0.0	0.0	0.0	0.0	0.0	0.0	0.0	0.0	0.0	0.0	0.0	0.0	0.0	0.0	0.0	0.0	0.0	0.0	0.0	0.0	0.0	0.0	0.0	0.0	0.0	0.0	0.0	0.0	0.0	146.2	0.0	146.2	146.2	15.27392578125	0.0	15.27392578125	15.27392578125	130.9237823486328	0.0	130.9237823486328	130.9237823486328	15.27392578125	0.0	15.27392578125	15.27392578125	130.9237823486328	0.0	130.9237823486328	130.9237823486328	2.9853756510416667	0.06764731184229954	2.92444140625	3.05816796875	35.19657877604167	0.7479083441090787	34.339302734375	35.7156337890625	1.942978515625	0.06359474778200985	1.8833251953125	2.0098916015625	26.557286458333333	0.9946100390678071	25.445001953125	27.3611513671875	0.31967903645833334	0.0003668449373075244	0.3193369140625	0.32006640625	7.170040039062499	0.07910374145822183	7.0806396484375	7.2309599609375	0.4283564453125	0.015565228724724557	0.417283203125	0.4461533203125	12.738823893229167	2.2779912409853336	10.2985771484375	14.80932421875	7660.124166666667	31.802003273745456	7631.185	7694.1708	2688.5633333333335	18.472147068853086	2676.622	2709.84	100.0	0.0	100.0	100.0	0.0	0.0	0.0	0.0	1.312774658203125	0.00018250844900368784	1.3125648498535156	1.312896728515625	1.3145103454589844	0.0030867454483663294	1.3125648498535156	1.3180694580078125	0.0	0.0	0.0	0.0
control	8000	512	3	6332.533333333333	64.16169677723082	6284.5	6405.4	6.184114583333333	0.06265790700901447	6.13720703125	6.2552734375	161.7156491039963	1.6303838703661477	159.86511381022262	162.94056806428515	43330.200000000004	518.3195635898768	42740.9	43715.4	42.314648437500004	0.5061714488182391	41.73916015625	42.6908203125	23.63474622964235	0.28442395006153975	23.424239512849017	23.958316273171597	6332.533333333333	64.16169677723082	6284.5	6405.4	6332.533333333333	64.16169677723082	6284.5	6405.4	20.4	0.0	20.4	20.4	84.8	0.0	84.8	84.8	20.399798209105814	0.0	20.399798209105814	20.399798209105814	84.77630615234375	0.0	84.77630615234375	84.77630615234375	0.0	0.0	0.0	0.0	0.0	0.0	0.0	0.0	0.0	0.0	0.0	0.0	0.0	0.0	0.0	0.0	0.0	0.0	0.0	0.0	0.0	0.0	0.0	0.0	0.0	0.0	0.0	0.0	0.0	0.0	0.0	0.0	0.0	0.0	0.0	0.0	0.0	0.0	0.0	0.0	0.0	0.0	0.0	0.0	0.0	0.0	0.0	0.0	0.0	0.0	0.0	0.0	0.0	0.0	0.0	0.0	111.25	0.0	111.25	111.25	22.4747314453125	0.0	22.4747314453125	22.4747314453125	88.7761459350586	0.0	88.7761459350586	88.7761459350586	22.4747314453125	0.0	22.4747314453125	22.4747314453125	88.7761459350586	0.0	88.7761459350586	88.7761459350586	4.598131510416667	0.13389185641132	4.4435341796875	4.676763671875	23.853315104166665	0.19516462162123388	23.70620703125	24.0747158203125	3.0299798177083335	0.07984974161399683	2.9556884765625	3.11441796875	18.110388671875	0.2101721337968894	17.96323828125	18.35109375	0.43158463541666664	0.0005272120181723038	0.43110546875	0.4321494140625	7.3611953125000005	0.04449207461429018	7.3098642578125	7.388701171875	0.9227304687500001	0.41925326645999783	0.631515625	1.40325390625	10.451864583333334	0.17523334285881728	10.300263671875	10.6437236328125	7700.400000000001	66.53826582072908	7636.6643	7769.4251	2678.767	30.042774771981318	2646.011	2705.037	100.0	0.0	100.0	100.0	0.0	0.0	0.0	0.0	1.3060048421223958	0.0001544991637936306	1.3058738708496094	1.3061752319335938	1.3077418009440105	0.00297817774846974	1.3058738708496094	1.3111763000488281	0.0	0.0	0.0	0.0
control	8000	1024	3	4445.099999999999	58.07960054959024	4395.3	4508.9	4.3409179687499995	0.05671835991170922	4.29228515625	4.40322265625	230.3921274982935	2.9971310192595086	227.10638958504293	232.9761335972516	43698.299999999996	74.4612650980372	43639.1	43781.9	42.674121093749996	0.07271607919730196	42.61630859375	42.75576171875	23.433451202717578	0.039900452599606465	23.388660610891716	23.465195203384123	4445.099999999999	58.07960054959024	4395.3	4508.9	4445.099999999999	58.07960054959024	4395.3	4508.9	0.0	0.0	0.0	0.0	84.1	0.0	84.1	84.1	0.0	0.0	0.0	0.0	84.10491943359375	0.0	84.10491943359375	84.10491943359375	0.0	0.0	0.0	0.0	0.0	0.0	0.0	0.0	0.0	0.0	0.0	0.0	0.0	0.0	0.0	0.0	0.0	0.0	0.0	0.0	0.0	0.0	0.0	0.0	0.0	0.0	0.0	0.0	0.0	0.0	0.0	0.0	0.0	0.0	0.0	0.0	0.0	0.0	0.0	0.0	0.0	0.0	0.0	0.0	0.0	0.0	0.0	0.0	0.0	0.0	0.0	0.0	0.0	0.0	0.0	0.0	107.99	0.0	107.99	107.99	15.27392578125	0.0	15.27392578125	15.27392578125	92.7171401977539	0.0	92.7171401977539	92.7171401977539	15.27392578125	0.0	15.27392578125	15.27392578125	92.7171401977539	0.0	92.7171401977539	92.7171401977539	3.1488059895833334	0.068249632483903	3.102375	3.22716796875	25.216050130208334	0.1314776854141755	25.111845703125	25.3637685546875	2.1437060546875	0.09818547293490697	2.069638671875	2.255076171875	19.350967122395833	0.17442644338125	19.154638671875	19.48806640625	0.3740247395833333	6.626488092625892e-05	0.3739736328125	0.374099609375	7.213145182291666	0.06035716470899083	7.1453740234375	7.2611123046875	0.36572233072916666	0.01680629350007107	0.3503232421875	0.3836494140625	9.6468818359375	0.568708648475386	8.99666015625	10.0516064453125	7691.6852	64.1847406934076	7639.9646	7763.5174	2678.7813333333334	15.046705996108809	2665.95	2695.342	100.0	0.0	100.0	100.0	0.0	0.0	0.0	0.0	1.3127632141113281	0.00024225580305950055	1.3125228881835938	1.3130073547363281	1.314501444498698	0.0030171393810571687	1.3125228881835938	1.3179740905761719	0.0	0.0	0.0	0.0
host4gb-cold	6000	512	3	6705.400000000001	447.9716397273381	6372.4	7214.7	6.5482421875000005	0.4374723044212286	6.223046875	7.04560546875	153.15391646871862	9.907551159041855	141.93244348344354	160.69298851296216	43028.6	5843.053645997098	39314.5	49763.7	42.0201171875	5.706107076169041	38.39306640625	48.59736328125	24.072918219477714	3.035734683386688	20.577248074399613	26.04636966004909	6705.400000000001	447.9716397273381	6372.4	7214.7	8038.933333333333	487.5139109126353	7684.0	8594.8	15.1	0.0	15.1	15.1	76.5	0.0	76.5	76.5	15.12801109849918	0.0	15.12801109849918	15.12801109849918	76.46484375	0.0	76.46484375	76.46484375	16.97796341949166	0.0	16.97796341949166	16.97796341949166	49.82	0.0	49.82	49.82	11.17963196869505	0.0	11.17963196869505	11.17963196869505	56.56408483171969	0.0028779080733380533	56.560771092669434	56.56595781466113	0.0	0.0	0.0	0.0	2222.0	0.0	2222.0	2222.0	3.98	0.0	3.98	3.98	3.9599999999999995	0.0	3.96	3.96	1333.5233333333333	40.33386955566413	1308.88	1380.07	0.0	0.0	0.0	0.0	1333.5466666666669	40.33963972736153	1308.9	1380.1	20947.333333333332	3.0550504633038935	20944.0	20950.0	10575.333333333334	3.0550504633038935	10572.0	10578.0	78617.0	7.54983443527075	78609.0	78624.0	80.94333333333333	0.005773502691899211	80.94	80.95	21.26959228515625	0.0	21.26959228515625	21.26959228515625	59.67188517252604	0.0042287589627934994	59.66917419433594	59.6767578125	23.962509155273438	0.0	23.962509155273438	23.962509155273438	137.3269805908203	0.0	137.3269805908203	137.3269805908203	4.730702799479166	0.32807484466782383	4.5184306640625	5.1085712890625	20.16391471354167	3.5242642157385347	18.0843447265625	24.233052734375	2.9966855468749998	0.08366420277416256	2.91433203125	3.0816015625	17.039874348958335	0.3457814087856021	16.6422353515625	17.2699541015625	0.4076715494791667	0.05384640271749379	0.37623046875	0.4698466796875	7.1253603515625	0.1446378439835455	7.0368916015625	7.2922734375	0.9992779947916667	0.25833246303616847	0.701111328125	1.155986328125	8.279840169270834	1.3060009020011893	7.1381015625	9.7039169921875	7098.4918333333335	3275.0052142455656	3316.896	9006.8644	2686.48	16.70980738967384	2675.177	2705.674	100.0	0.0	100.0	100.0	0.0004628499348958333	0.0008016796035195304	0.0	0.0013885498046875	5.308481852213542	0.0002453397073914754	5.308223724365234	5.308712005615234	5.313668568929036	0.0002176829957115896	5.3134307861328125	5.3138580322265625	0.0	0.0	0.0	0.0
host4gb-cold	6000	1024	3	4691.599999999999	164.90045482047626	4581.6	4881.2	4.5816406249999995	0.16103560041062134	4.47421875	4.766796875	218.43889133197322	7.531051030629715	209.78447922641973	223.50270647808625	42017.833333333336	4369.658089980651	38299.7	46830.8	41.033040364583336	4.26724422849673	37.40205078125	45.733203125	24.541685582092878	2.4706328626030922	21.865951467837405	26.73650185249493	4691.599999999999	164.90045482047626	4581.6	4881.2	6011.166666666667	161.71710896912975	5892.2	6195.3	0.0	0.0	0.0	0.0	77.7	0.0	77.7	77.7	0.0	0.0	0.0	0.0	77.66845703125	0.0	77.66845703125	77.66845703125	16.906830182251745	0.0	16.906830182251745	16.906830182251745	50.27333333333333	0.005773502691895109	50.27	50.28	0.0	0.0	0.0	0.0	56.16929655138904	0.0018964924742757904	56.167778142195985	56.17142232425932	0.0	0.0	0.0	0.0	2219.0	0.0	2219.0	2219.0	3.99	0.0	3.99	3.99	3.9500000000000006	0.0	3.95	3.95	1319.56	12.610107057436172	1310.6	1333.98	0.0	0.0	0.0	0.0	1319.58	12.610107057436172	1310.62	1334.0	19489.333333333332	4.725815626252608	19484.0	19493.0	9290.333333333334	4.725815626252608	9285.0	9294.0	68717.0	2.6457513110645907	68714.0	68719.0	72.37	0.0	72.37	72.37	15.27392578125	0.0	15.27392578125	15.27392578125	57.0987294514974	0.002472740007200276	57.09596252441406	57.10072326660156	15.27392578125	0.0	15.27392578125	15.27392578125	130.26431274414062	0.0	130.26431274414062	130.26431274414062	3.286290690104167	0.06720998829717446	3.2087783203125	3.3283720703125	17.26193294270833	0.15725116337627215	17.1310244140625	17.4363603515625	2.1609752604166665	0.14003118486948443	2.001009765625	2.26137890625	16.495129557291666	0.19294899447939362	16.3174853515625	16.700404296875	0.3194925130208333	0.00016321258804789446	0.3193798828125	0.3196796875	7.006207356770833	0.012960555181523104	6.9925	7.0182626953125	0.5962327473958333	0.09272009207115613	0.4983115234375	0.6826845703125	6.504826497395833	0.15834491794301744	6.3998798828125	6.6869638671875	9013.190166666667	81.59167452395704	8922.8303	9081.4682	2695.0190000000002	36.19259442206385	2671.593	2736.704	100.0	0.0	100.0	100.0	0.0	0.0	0.0	0.0	5.3126576741536455	0.00018474060693017582	5.312446594238281	5.3127899169921875	5.317803700764974	0.00012999855467867082	5.317653656005859	5.317882537841797	0.0	0.0	0.0	0.0
host4gb-cold	8000	512	3	6374.2	103.8351096691289	6291.1	6490.6	6.2248046875	0.10140147428625869	6.14365234375	6.3384765625	160.67583807532884	2.5992742913496865	157.76661633747264	162.7696269332867	31450.033333333336	313.5970716274835	31182.2	31795.0	30.712923177083336	0.30624714026121436	30.4513671875	31.0498046875	32.561734875106396	0.3235741399826168	32.20632174870263	32.83924803253138	6374.2	103.8351096691289	6291.1	6490.6	7711.866666666666	108.82896366929751	7641.3	7837.2	20.4	0.0	20.4	20.4	83.9	0.0	83.9	83.9	20.399798209105814	0.0	20.399798209105814	20.399798209105814	83.93798828125	0.0	83.93798828125	83.93798828125	14.416728999317051	0.0	14.416728999317051	14.416728999317051	45.93	0.0	45.93	45.93	11.555625973751617	0.0	11.555625973751617	11.555625973751617	54.17679991893399	0.0010969567358047052	54.17553326240057	54.17743324720069	0.0	0.0	0.0	0.0	2185.0	0.0	2185.0	2185.0	3.98	0.0	3.98	3.98	3.89	0.0	3.89	3.89	1337.6266666666668	18.670448128883578	1316.17	1350.17	0.0	0.0	0.0	0.0	1337.6533333333334	18.67619429469859	1316.19	1350.2	16424.0	1.7320508075688772	16423.0	16426.0	6344.0	1.7320508075688772	6343.0	6346.0	60249.0	2.0	60247.0	60251.0	62.81333333333333	0.005773502691895109	62.81	62.82	19.864097595214844	0.0	19.864097595214844	19.864097595214844	42.951464335123696	0.0010219212528380826	42.95087432861328	42.95264434814453	22.4747314453125	0.0	22.4747314453125	22.4747314453125	93.74176025390625	0.0	93.74176025390625	93.74176025390625	4.409772135416667	0.00726777681596649	4.4014814453125	4.4150439453125	13.015848958333335	0.13085903105034816	12.8647578125	13.093033203125	3.104083984375	0.056218358520366135	3.0496142578125	3.1619013671875	12.428463541666666	0.2017683483707962	12.198556640625	12.5760908203125	0.4331819661458334	0.004071143750654952	0.430646484375	0.4378779296875	7.103304361979166	0.03360791447065781	7.0700322265625	7.13723828125	0.7239541015625001	0.19624489687219382	0.581044921875	0.94770703125	4.578743164062501	0.3237736555080849	4.2565185546875	4.9040439453125	9051.3802	56.53788542358155	8988.4659	9097.9329	2669.846	8.659762179182344	2659.847	2674.926	100.0	0.0	100.0	100.0	0.0	0.0	0.0	0.0	5.305920918782552	0.000312626795576005	5.305561065673828	5.306125640869141	5.309374491373698	0.0028676080155535014	5.3060760498046875	5.311275482177734	0.0	0.0	0.0	0.0
host4gb-cold	8000	1024	3	4871.0	84.07139822793481	4803.0	4965.0	4.7568359375	0.08210097483196759	4.6904296875	4.8486328125	210.2652328025334	3.6032548609216066	206.24370594159114	213.20008328128253	30338.766666666663	411.91089246745264	29908.6	30729.6	29.627701822916663	0.4022567309252467	29.2076171875	30.009375	33.756352630307184	0.4592361979046706	33.32291992085807	34.237644022120726	4871.0	84.07139822793481	4803.0	4965.0	6205.533333333333	62.66229594687194	6163.9	6277.6	0.0	0.0	0.0	0.0	85.2	0.0	85.2	85.2	0.0	0.0	0.0	0.0	85.2447509765625	0.0	85.2447509765625	85.2447509765625	14.37628391301268	0.0	14.37628391301268	14.37628391301268	44.82333333333333	0.005773502691895109	44.82	44.83	0.0	0.0	0.0	0.0	52.776973457428475	0.0031593076145861785	52.77421578765943	52.78042054463978	0.0	0.0	0.0	0.0	2185.0	0.0	2185.0	2185.0	3.99	0.0	3.99	3.99	3.89	0.0	3.89	3.89	1334.5366666666666	24.44069216150254	1312.58	1360.87	0.0	0.0	0.0	0.0	1334.5633333333333	24.43530505914215	1312.61	1360.89	14855.333333333334	1.1547005383792515	14854.0	14856.0	5522.333333333333	1.1547005383792515	5521.0	5523.0	53518.0	3.605551275463989	53515.0	53522.0	55.93	0.0	55.93	55.93	15.27392578125	0.0	15.27392578125	15.27392578125	40.658337910970054	0.0027037494945011263	40.65538787841797	40.66069793701172	15.27392578125	0.0	15.27392578125	15.27392578125	86.09937286376953	0.0	86.09937286376953	86.09937286376953	3.41444921875	0.01741680445761074	3.3999140625	3.43375390625	12.187958333333333	0.08690543387499686	12.088791015625	12.25084375	2.3192112630208332	0.03443740187467714	2.2803642578125	2.3459912109375	11.503917317708334	0.24481009476426138	11.22223046875	11.6652880859375	0.3746129557291667	0.00016314830082578044	0.37446875	0.3747900390625	7.129856770833334	0.03853324770279924	7.1017470703125	7.17378125	0.5562376302083333	0.19586050935550395	0.4424736328125	0.782396484375	4.145269205729167	0.6530411463813932	3.740103515625	4.8986181640625	8983.1495	58.32515618933249	8925.5541	9042.178	2665.474666666667	13.04342762978101	2650.554	2674.713	100.0	0.0	100.0	100.0	0.0	0.0	0.0	0.0	5.314398447672526	0.002644034710310851	5.312858581542969	5.317451477050781	5.316094716389974	0.002790487771130503	5.312885284423828	5.3179473876953125	0.0	0.0	0.0	0.0
host4gb-hot	6000	512	3	5680.933333333333	97.74355903758234	5605.3	5791.3	5.547786458333333	0.09545269437263901	5.47392578125	5.65556640625	180.28737004533843	3.0774444420713367	176.81694956227443	182.68424526787146	39069.9	195.2146767023427	38860.7	39247.2	38.15419921875	0.19063933271713154	37.94990234375	38.32734375	26.209871636716162	0.13111656123569376	26.09103324568377	26.350528940549193	5680.933333333333	97.74355903758234	5605.3	5791.3	7649.866666666666	96.24475743298069	7571.8	7757.4	15.1	0.0	15.1	15.1	76.5	0.0	76.5	76.5	15.12801109849918	0.0	15.12801109849918	15.12801109849918	76.46484375	0.0	76.46484375	76.46484375	16.97796341949166	0.0	16.97796341949166	16.97796341949166	52.080000000000005	0.0	52.08	52.08	26.287242737201876	0.0	26.287242737201872	26.287242737201872	56.58540802213002	0.0011435647091393392	56.58411134163209	56.5862724757953	2240.0	0.0	2240.0	2240.0	2221.0	0.0	2221.0	2221.0	3.99	0.0	3.99	3.99	3.9500000000000006	0.0	3.95	3.95	1314.9666666666667	4.700482244763092	1309.92	1319.22	648.0966666666667	2.857172261753475	644.88	650.34	1968.9166666666667	4.597850947272384	1966.05	1974.22	19609.0	2.6457513110645907	19606.0	19611.0	8597.0	2.6457513110645907	8594.0	8599.0	81297.0	11.532562594670797	81288.0	81310.0	77.31	0.0	77.31	77.31	17.663864135742188	0.0	17.663864135742188	17.663864135742188	59.64439900716146	0.001670146317299149	59.64317321777344	59.64630126953125	23.962509155273438	0.0	23.962509155273438	23.962509155273438	137.3269805908203	0.0	137.3269805908203	137.3269805908203	3.6850211588541666	0.07328575811014763	3.6096884765625	3.756072265625	18.096510091145834	0.06358710465135536	18.055423828125	18.1697529296875	2.82396484375	0.0904219848779803	2.73162109375	2.912333984375	17.229465169270835	0.15207746514830872	17.1004404296875	17.3971376953125	0.3771715494791667	0.00014091743862151013	0.37708203125	0.377333984375	7.0165771484374995	0.026010214706408952	7.0003056640625	7.0465751953125	1.007904296875	0.28737551422703655	0.8296630859375	1.339423828125	7.706945638020834	0.560941548265674	7.3140634765625	8.34935546875	9683.818566666667	51.83698060654535	9624.3445	9719.4036	2723.1569999999997	43.65052333019626	2676.31	2762.686	100.0	0.0	100.0	100.0	0.0007413228352864584	0.00128400881552716	0.0	0.002223968505859375	5.308469136555989	0.0003649438022605986	5.308216094970703	5.308887481689453	5.31191889444987	0.0031453892707595183	5.3083038330078125	5.314029693603516	0.0	0.0	0.0	0.0
host4gb-hot	6000	1024	3	3970.6666666666665	77.30364372610987	3893.8	4048.4	3.8776041666666665	0.07549183957627917	3.8025390625	3.953515625	257.95637110293995	5.02137783802788	252.93943286236538	262.98217679387744	39871.066666666666	2018.1259681529643	38009.6	42015.9	38.936588541666666	1.9708261407743792	37.11875	41.03115234375	25.726302837889705	1.2901538225776106	24.371725941845824	26.940562384239772	3970.6666666666665	77.30364372610987	3893.8	4048.4	5973.366666666666	82.7391281881393	5888.5	6053.8	0.0	0.0	0.0	0.0	77.7	0.0	77.7	77.7	0.0	0.0	0.0	0.0	77.66845703125	0.0	77.66845703125	77.66845703125	16.906830182251745	0.0	16.906830182251745	16.906830182251745	52.36333333333334	0.005773502691895109	52.36	52.37	24.848484848484848	0.0	24.848484848484848	24.848484848484848	55.59093448975377	0.0009482462371398863	55.590175285157244	55.591997376188914	2240.0	0.0	2240.0	2240.0	2218.0	0.0	2218.0	2218.0	2.92	0.0	2.92	2.92	3.9500000000000006	0.0	3.95	3.95	1336.5133333333333	13.825560868671282	1321.74	1349.14	660.1133333333333	15.096835209186521	650.03	677.47	2002.7033333333336	7.083264313389186	1994.66	2008.01	17229.333333333332	2.886751345948129	17226.0	17231.0	6720.333333333333	2.886751345948129	6717.0	6722.0	72770.0	3.4641016151377544	72768.0	72774.0	69.33	0.0	69.33	69.33	11.479103088378906	0.0	11.479103088378906	11.479103088378906	57.85435485839844	0.0012612291454938858	57.85295104980469	57.85539245605469	15.27392578125	0.0	15.27392578125	15.27392578125	130.26431274414062	0.0	130.26431274414062	130.26431274414062	2.4877571614583336	0.06092149696386084	2.427392578125	2.549220703125	17.33858984375	0.09975830412600281	17.234181640625	17.432935546875	1.9318121744791668	0.02598186055165657	1.9043525390625	1.9560078125	16.42287727864583	0.1539859048484487	16.2482119140625	16.53903125	0.3197434895833333	0.0008368817756802101	0.3192255859375	0.320708984375	7.050067708333334	0.05702226460223543	7.0076376953125	7.11488671875	0.6461311848958333	0.11986572848846776	0.5078544921875	0.720509765625	6.8968662109375	0.6387943497215899	6.16774609375	7.3581015625	9713.65	40.0484898248361	9667.7065	9741.18	2688.9906666666666	28.923811943333735	2667.186	2721.802	100.0	0.0	100.0	100.0	0.0	0.0	0.0	0.0	5.312781016031901	0.00019837648402951753	5.312568664550781	5.312961578369141	5.316192626953125	0.0031401331128476533	5.312568664550781	5.318107604980469	0.0	0.0	0.0	0.0
host4gb-hot	8000	512	3	5766.266666666666	34.73504474350593	5729.9	5799.1	5.631119791666666	0.03392094213233001	5.59560546875	5.66318359375	177.58887236438179	1.0707583054055718	176.5791243468814	178.7116703607393	32149.399999999998	990.5142048451411	31542.1	33292.4	31.395898437499998	0.9672990281690831	30.80283203125	32.512109375	31.871112757901027	0.9648832691486953	30.757770542225852	32.46454738270439	5766.266666666666	34.73504474350593	5729.9	5799.1	7751.566666666667	46.72540351172295	7711.3	7802.8	20.4	0.0	20.4	20.4	83.9	0.0	83.9	83.9	20.399798209105814	0.0	20.399798209105814	20.399798209105814	83.93798828125	0.0	83.93798828125	83.93798828125	14.416728999317051	0.0	14.416728999317051	14.416728999317051	49.03	0.0	49.03	49.03	26.340806464390397	0.0	26.340806464390397	26.340806464390397	54.47509753255307	0.0	54.47509753255307	54.47509753255307	2240.0	0.0	2240.0	2240.0	2182.0	0.0	2182.0	2182.0	3.98	0.0	3.98	3.98	3.8800000000000003	0.0	3.88	3.88	1328.3966666666668	14.845525700807405	1315.2	1344.47	650.9533333333334	2.0502276296385045	649.58	653.31	1985.28	16.79919938568505	1970.74	2003.67	15560.333333333334	0.5773502691896257	15560.0	15561.0	4754.333333333333	0.5773502691896257	4754.0	4755.0	62328.0	3.605551275463989	62324.0	62331.0	59.23	0.0	59.23	59.23	16.555694580078125	0.0	16.555694580078125	16.555694580078125	42.67235565185547	0.0	42.67235565185547	42.67235565185547	22.4747314453125	0.0	22.4747314453125	22.4747314453125	93.74176025390625	0.0	93.74176025390625	93.74176025390625	3.6631901041666666	0.04877685095310352	3.6175400390625	3.7145849609375	12.8642109375	0.10372951354483244	12.7444345703125	12.924267578125	2.8662369791666666	0.02724843966248576	2.835005859375	2.88516015625	12.194361002604168	0.1462565833487471	12.052919921875	12.3449990234375	0.4347119140625	0.0030442457543420572	0.4315263671875	0.437591796875	7.132567057291666	0.017292019855002356	7.11266015625	7.1438623046875	0.7330771484374999	0.062186897957346055	0.6830673828125	0.8027080078125	5.052318684895833	0.3151297620685618	4.69346484375	5.2839443359375	9708.2358	62.8363365506768	9643.5907	9769.0919	2698.289666666667	46.345699653078285	2671.037	2751.802	100.0	0.0	100.0	100.0	0.0	0.0	0.0	0.0	5.3058217366536455	0.0001212529794234351	5.30572509765625	5.305957794189453	5.309214274088542	0.0030229889339692447	5.30572509765625	5.311046600341797	0.0	0.0	0.0	0.0
host4gb-hot	8000	1024	3	4122.900000000001	51.10254396798636	4064.3	4158.2	4.0262695312500005	0.049904828093736676	3.96904296875	4.0607421875	248.39447947745055	3.0996428454801754	246.26040113510655	251.9499052727407	30364.36666666667	190.60895396946356	30229.9	30582.5	29.65270182291667	0.18614155661080425	29.52138671875	29.86572265625	33.72462279337987	0.21099916602461388	33.48320117714379	33.87374751487765	4122.900000000001	51.10254396798636	4064.3	4158.2	6142.366666666666	35.73742202976262	6101.9	6169.6	0.0	0.0	0.0	0.0	85.2	0.0	85.2	85.2	0.0	0.0	0.0	0.0	85.2447509765625	0.0	85.2447509765625	85.2447509765625	14.37628391301268	0.0	14.37628391301268	14.37628391301268	47.59	0.0	47.59	47.59	24.51048951048951	0.0	24.51048951048951	24.51048951048951	51.686085257957025	0.001990176729367725	51.68493622888659	51.6883833160979	2240.0	0.0	2240.0	2240.0	2184.0	0.0	2184.0	2184.0	2.64	0.0	2.64	2.64	3.89	0.0	3.89	3.89	1357.0833333333333	29.672597347272045	1326.12	1385.27	656.5266666666666	9.556046951189254	646.43	665.43	2019.5	20.385291266008462	1997.45	2037.66	12989.333333333334	2.516611478423583	12987.0	12992.0	3415.3333333333335	2.516611478423583	3413.0	3418.0	57479.333333333336	1.5275252316519468	57478.0	57481.0	53.13	0.0	53.13	53.13	11.530433654785156	0.0	11.530433654785156	11.530433654785156	41.59803771972656	0.001731099363643821	41.596038818359375	41.599037170410156	15.27392578125	0.0	15.27392578125	15.27392578125	86.09937286376953	0.0	86.09937286376953	86.09937286376953	2.514806640625	0.004777883603651497	2.509525390625	2.5188291015625	12.548353190104166	0.06153696738888209	12.5059765625	12.6189375	2.0049479166666666	0.009643389305016483	1.994783203125	2.0139677734375	11.742629231770833	0.14775318361242212	11.642296875	11.912298828125	0.37440787760416666	0.00024870026006477584	0.3741337890625	0.374619140625	7.1314134114583325	0.027874504740695975	7.1131630859375	7.1634990234375	0.6136865234375	0.19979244402620508	0.4732734375	0.84241796875	4.810720703125	0.560942506223138	4.3639208984375	5.4402412109375	9744.082133333333	40.903181069733	9696.9373	9770.1231	2680.0733333333333	3.6097377097697536	2675.957	2682.699	100.0	0.0	100.0	100.0	0.0	0.0	0.0	0.0	5.312650044759114	0.00024397168672292668	5.312492370605469	5.312931060791016	5.316074371337891	0.0031048940968096965	5.312492370605469	5.317996978759766	0.0	0.0	0.0	0.0
