row_type,request_idx,repeat_idx,batch_idx,token_idx,phase,layer,k_required,k_hit,k_miss,ssd_read_us,h2d_us,compute_us,stall_us,pred_us,pred_observe_us,pred_score_us,callback_wall_us,topk_d2h_us,slot_ids_h2d_us,slot_table_h2d_us,eamc_rows_scored,eamc_cosine_us,eamc_score_materialize_us,eamc_score_cache_hits,eamc_score_cache_misses,cache_resident_experts,predictor,request_wall_us,request_end_us,predictor_end_us,predictor_save_us,profile_flush_us,sidecar_write_bytes,routes_required,routes_hit,routes_persistent,k_empty_admit,k_victim_admit,k_scratch,route_rank_us,host_cache_hits,host_cache_misses,host_cache_hit_bytes,host_cache_miss_bytes,host_cache_lookup_us,host_cache_fill_us,host_memcpy_us,host_memcpy_bytes,h2d_bytes,pinned_staging_wait_us,ssd_bytes,ssd_reads,route_hash
layer,1,0,0,0,prefill,0,44,0,44,29282,20414,328293,7457,0,0,0,33580,27,73,0,0,0,0,0,0,44,lru,0,0,0,0,0,0,64,0,64,44,0,0,7,0,0,0,0,0,0,0,0,83623936,0,83623936,132,3293325228528914294
layer,1,0,0,0,prefill,1,37,0,37,13896,6396,1177,1712,2,2,0,15656,25,44,0,0,0,0,0,0,37,lru,0,0,0,0,0,0,64,0,64,37,0,0,8,0,0,0,0,0,0,0,0,70320128,0,70320128,111,11763988761166500694
layer,1,0,0,0,prefill,2,41,0,41,19096,7726,6406,2209,0,0,0,21071,13,34,0,0,0,0,0,0,41,lru,0,0,0,0,0,0,64,0,64,41,0,0,4,0,0,0,0,0,0,0,0,77922304,0,77922304,123,18267588653435647843
layer,1,0,0,0,prefill,3,34,0,34,16055,8137,379,2458,1,1,0,17894,22,33,0,0,0,0,0,0,34,lru,0,0,0,0,0,0,64,0,64,34,0,0,8,0,0,0,0,0,0,0,0,64618496,0,64618496,102,16366311324672195943
layer,1,0,0,0,prefill,4,33,0,33,15532,8163,550,2355,0,0,0,17374,13,24,0,0,0,0,0,0,33,lru,0,0,0,0,0,0,64,0,64,33,0,0,3,0,0,0,0,0,0,0,0,62717952,0,62717952,99,1973317037080763258
layer,1,0,0,0,prefill,5,34,0,34,15877,8326,379,2433,1,1,0,17921,244,4,0,0,0,0,0,0,34,lru,0,0,0,0,0,0,64,0,64,34,0,0,4,0,0,0,0,0,0,0,0,64618496,0,64618496,102,10208374901468835697
layer,1,0,0,0,prefill,6,33,0,33,15233,7743,324,2259,0,0,0,17026,10,23,0,0,0,0,0,0,33,lru,0,0,0,0,0,0,64,0,64,33,0,0,3,0,0,0,0,0,0,0,0,62717952,0,62717952,99,2997033079327025676
layer,1,0,0,0,prefill,7,38,0,38,17209,8467,389,2546,1,1,0,19144,11,26,0,0,0,0,0,0,38,lru,0,0,0,0,0,0,64,0,64,38,0,0,4,0,0,0,0,0,0,0,0,72220672,0,72220672,114,4279733366878589426
layer,1,0,0,0,prefill,8,30,0,30,12924,6731,500,2028,0,0,0,14484,11,29,0,0,0,0,0,0,30,lru,0,0,0,0,0,0,64,0,64,30,0,0,3,0,0,0,0,0,0,0,0,57016320,0,57016320,90,17371375831701825259
layer,1,0,0,0,prefill,9,35,0,35,15070,7558,375,2069,1,1,0,16867,9,26,0,0,0,0,0,0,35,lru,0,0,0,0,0,0,64,0,64,35,0,0,5,0,0,0,0,0,0,0,0,66519040,0,66519040,105,14756317654227599628
layer,1,0,0,0,prefill,10,36,0,36,15116,7669,329,2326,0,0,0,16928,11,30,0,0,0,0,0,0,36,lru,0,0,0,0,0,0,64,0,64,36,0,0,5,0,0,0,0,0,0,0,0,68419584,0,68419584,108,16361053239288350339
layer,1,0,0,0,prefill,11,41,0,41,17271,8175,541,2376,1,1,0,19193,10,19,0,0,0,0,0,0,41,lru,0,0,0,0,0,0,64,0,64,41,0,0,3,0,0,0,0,0,0,0,0,77922304,0,77922304,123,12857022228771309429
layer,1,0,0,0,prefill,12,39,0,39,16779,7546,531,2217,0,0,0,18582,9,27,0,0,0,0,0,0,39,lru,0,0,0,0,0,0,64,0,64,39,0,0,3,0,0,0,0,0,0,0,0,74121216,0,74121216,117,11134475753282102401
layer,1,0,0,0,prefill,13,35,0,35,14349,6476,378,1896,1,1,0,15924,10,17,0,0,0,0,0,0,35,lru,0,0,0,0,0,0,64,0,64,35,0,0,3,0,0,0,0,0,0,0,0,66519040,0,66519040,105,16779698245546938986
layer,1,0,0,0,prefill,14,37,0,37,14912,6860,340,2197,0,0,0,16596,10,33,0,0,0,0,0,0,37,lru,0,0,0,0,0,0,64,0,64,37,0,0,3,0,0,0,0,0,0,0,0,70320128,0,70320128,111,16663343049215851087
layer,1,0,0,0,prefill,15,39,0,39,15356,7029,389,2010,1,1,0,17096,10,30,0,0,0,0,0,0,39,lru,0,0,0,0,0,0,64,0,64,39,0,0,3,0,0,0,0,0,0,0,0,74121216,0,74121216,117,10224571627785906670
layer,1,0,0,0,prefill,16,33,0,33,13733,5893,369,1600,0,0,0,15216,9,19,0,0,0,0,0,0,33,lru,0,0,0,0,0,0,64,0,64,33,0,0,3,0,0,0,0,0,0,0,0,62717952,0,62717952,99,11861470778623149775
layer,1,0,0,0,prefill,17,31,0,31,13317,5157,545,1553,1,1,0,14709,9,14,0,0,0,0,0,0,31,lru,0,0,0,0,0,0,64,0,64,31,0,0,3,0,0,0,0,0,0,0,0,58916864,0,58916864,93,9122990691134598737
layer,1,0,0,0,prefill,18,37,0,37,15770,6201,643,1773,0,0,0,17350,9,13,0,0,0,0,0,0,37,lru,0,0,0,0,0,0,64,0,64,37,0,0,3,0,0,0,0,0,0,0,0,70320128,0,70320128,111,3784149798059167740
layer,1,0,0,0,prefill,19,34,0,34,14832,5485,371,1484,1,1,0,16284,9,18,0,0,0,0,0,0,34,lru,0,0,0,0,0,0,64,0,64,34,0,0,3,0,0,0,0,0,0,0,0,64618496,0,64618496,102,1866702091792289679
layer,1,0,0,0,prefill,20,39,0,39,17069,6351,394,1659,0,0,0,18683,12,6,0,0,0,0,0,0,39,lru,0,0,0,0,0,0,64,0,64,39,0,0,3,0,0,0,0,0,0,0,0,74121216,0,74121216,117,150966478342431433
layer,1,0,0,0,prefill,21,34,0,34,14283,5337,376,1382,1,1,0,15705,10,10,0,0,0,0,0,0,34,lru,0,0,0,0,0,0,64,0,64,34,0,0,3,0,0,0,0,0,0,0,0,64618496,0,64618496,102,4611860579560334458
layer,1,0,0,0,prefill,22,34,0,34,14256,5237,325,1338,0,0,0,15573,10,6,0,0,0,0,0,0,34,lru,0,0,0,0,0,0,64,0,64,34,0,0,2,0,0,0,0,0,0,0,0,64618496,0,64618496,102,8048007820580508778
layer,1,0,0,0,prefill,23,36,0,36,14556,5438,379,1270,1,1,0,15991,10,21,0,0,0,0,0,0,36,lru,0,0,0,0,0,0,64,0,64,36,0,0,3,0,0,0,0,0,0,0,0,68419584,0,68419584,108,1366027027120771344
layer,1,0,0,0,prefill,24,30,0,30,12495,4389,352,1183,0,0,0,13683,10,28,0,0,0,0,0,0,30,lru,0,0,0,0,0,0,64,0,64,30,0,0,3,0,0,0,0,0,0,0,0,57016320,0,57016320,90,16941741474838672535
layer,1,0,0,0,prefill,25,36,0,36,14717,5621,385,1465,1,1,0,16125,10,17,0,0,0,0,0,0,36,lru,0,0,0,0,0,0,64,0,64,36,0,0,3,0,0,0,0,0,0,0,0,68419584,0,68419584,108,15583732811717171467
layer,1,0,0,0,prefill,26,38,0,38,16095,5790,345,1694,0,0,0,17664,10,27,0,0,0,0,0,0,38,lru,0,0,0,0,0,0,64,0,64,38,0,0,3,0,0,0,0,0,0,0,0,72220672,0,72220672,114,11490715657799219223
layer,1,0,0,0,prefill,27,41,0,41,16646,6287,404,1688,1,1,0,18290,10,18,0,0,0,0,0,0,41,lru,0,0,0,0,0,0,64,0,64,41,0,0,3,0,0,0,0,0,0,0,0,77922304,0,77922304,123,14516107783241388328
layer,1,0,0,0,prefill,28,35,0,35,14334,5413,378,1250,0,0,0,15752,10,26,0,0,0,0,0,0,35,lru,0,0,0,0,0,0,64,0,64,35,0,0,3,0,0,0,0,0,0,0,0,66519040,0,66519040,105,12795266909995215369
layer,1,0,0,0,prefill,29,36,0,36,14829,5399,378,1538,1,1,0,16279,10,38,0,0,0,0,0,0,36,lru,0,0,0,0,0,0,64,0,64,36,0,0,3,0,0,0,0,0,0,0,0,68419584,0,68419584,108,9154480471160444325
layer,1,0,0,0,prefill,30,35,0,35,14956,5265,483,1571,0,0,0,16328,9,5,0,0,0,0,0,0,35,lru,0,0,0,0,0,0,64,0,64,35,0,0,3,0,0,0,0,0,0,0,0,66519040,0,66519040,105,215544110313091029
layer,1,0,0,0,prefill,31,31,0,31,12048,4788,350,1388,1,1,0,13267,9,20,0,0,0,0,0,0,31,lru,0,0,0,0,0,0,64,0,64,31,0,0,3,0,0,0,0,0,0,0,0,58916864,0,58916864,93,12831629292484007162
layer,1,0,0,0,prefill,32,34,0,34,13456,5311,570,1333,0,0,0,14804,9,3,0,0,0,0,0,0,34,lru,0,0,0,0,0,0,64,0,64,34,0,0,4,0,0,0,0,0,0,0,0,64618496,0,64618496,102,16430129035145035588
layer,1,0,0,0,prefill,33,38,0,38,15196,5917,387,1489,1,1,0,16695,11,31,0,0,0,0,0,0,38,lru,0,0,0,0,0,0,64,0,64,38,0,0,4,0,0,0,0,0,0,0,0,72220672,0,72220672,114,11718820361409711579
layer,1,0,0,0,prefill,34,38,0,38,16452,6200,360,1442,0,0,0,17908,10,5,0,0,0,0,0,0,38,lru,0,0,0,0,0,0,64,0,64,38,0,0,3,0,0,0,0,0,0,0,0,77512704,0,77512704,114,8393375420822053651
layer,1,0,0,0,prefill,35,33,0,33,13225,5083,510,1356,1,1,0,14520,10,4,0,0,0,0,0,0,33,lru,0,0,0,0,0,0,64,0,64,33,0,0,3,0,0,0,0,0,0,0,0,62717952,0,62717952,99,5405466669696483191
layer,1,0,0,0,prefill,36,34,0,34,14110,5345,913,1354,0,0,0,15591,9,17,0,0,0,0,0,0,34,lru,0,0,0,0,0,0,64,0,64,34,0,0,3,0,0,0,0,0,0,0,0,64618496,0,64618496,102,14826621790135385422
layer,1,0,0,0,prefill,37,33,0,33,28022,14632,861,5531,1,1,0,31417,9,35,0,0,0,0,0,0,33,lru,0,0,0,0,0,0,64,0,64,33,0,0,3,0,0,0,0,0,0,0,0,62717952,0,62717952,99,24498880280141080
layer,1,0,0,0,prefill,38,30,0,30,21944,13322,323,4619,0,0,0,24611,9,15,0,0,0,0,0,0,30,lru,0,0,0,0,0,0,64,0,64,30,0,0,2,0,0,0,0,0,0,0,0,61194240,0,61194240,90,10002470428589311871
layer,1,0,0,0,prefill,39,28,0,28,18675,10946,859,3509,1,1,0,20948,10,12,0,0,0,0,0,0,28,lru,0,0,0,0,0,0,64,0,64,28,0,0,3,0,0,0,0,0,0,0,0,57114624,0,57114624,84,5240975813727380791
request,1,0,0,0,prefill,-1,0,0,0,0,0,0,0,0,0,0,0,0,0,0,0,0,0,0,0,0,,1198719,7209,0,0,42,0,0,0,0,0,0,0,0,0,0,0,0,0,0,0,0,0,0,0,0,0
layer,2,0,1,8,decode,0,8,2,6,3770,2644,422,1364,0,0,0,4801,50,30,0,0,0,0,0,0,50,lru,0,0,0,0,0,0,8,2,8,6,0,0,3,0,0,0,0,0,0,0,0,11403264,0,11403264,18,5527231758922436202
layer,2,0,1,8,decode,1,8,4,4,2336,1737,211,877,0,0,0,2987,20,56,0,0,0,0,0,0,41,lru,0,0,0,0,0,0,8,4,8,4,0,0,1,0,0,0,0,0,0,0,0,7602176,0,7602176,12,6127077968916914482
layer,2,0,1,8,decode,2,8,4,4,2519,1760,2094,798,0,0,0,2982,10,28,0,0,0,0,0,0,45,lru,0,0,0,0,0,0,8,4,8,4,0,0,1,0,0,0,0,0,0,0,0,7602176,0,7602176,12,195256698607210462
layer,2,0,1,8,decode,3,8,3,5,2939,2201,289,1117,0,0,0,3643,16,55,0,0,0,0,0,0,39,lru,0,0,0,0,0,0,8,3,8,5,0,0,6,0,0,0,0,0,0,0,0,9502720,0,9502720,15,11857994502524044631
layer,2,0,1,8,decode,4,8,6,2,1128,837,329,424,0,0,0,1427,9,21,0,0,0,0,0,0,35,lru,0,0,0,0,0,0,8,6,8,2,0,0,1,0,0,0,0,0,0,0,0,3801088,0,3801088,6,354912024301058358
layer,2,0,1,8,decode,5,8,6,2,1131,844,270,546,0,0,0,1489,9,6,0,0,0,0,0,0,36,lru,0,0,0,0,0,0,8,6,8,2,0,0,1,0,0,0,0,0,0,0,0,3801088,0,3801088,6,14921346500912142378
layer,2,0,1,8,decode,6,8,5,3,1768,1301,200,747,0,0,0,2193,10,42,0,0,0,0,0,0,36,lru,0,0,0,0,0,0,8,5,8,3,0,0,0,0,0,0,0,0,0,0,0,5701632,0,5701632,9,15369437400035288605
layer,2,0,1,8,decode,7,8,6,2,1142,869,232,475,0,0,0,1465,8,26,0,0,0,0,0,0,40,lru,0,0,0,0,0,0,8,6,8,2,0,0,1,0,0,0,0,0,0,0,0,3801088,0,3801088,6,1714680031191707936
layer,2,0,1,8,decode,8,8,8,0,0,0,235,0,0,0,0,29,8,3,0,0,0,0,0,0,30,lru,0,0,0,0,0,0,8,8,8,0,0,0,0,0,0,0,0,0,0,0,0,0,0,0,0,12785375505700611466
layer,2,0,1,8,decode,9,8,7,1,533,411,253,276,0,0,0,741,8,4,0,0,0,0,0,0,36,lru,0,0,0,0,0,0,8,7,8,1,0,0,0,0,0,0,0,0,0,0,0,1900544,0,1900544,3,12880218187421486518
layer,2,0,1,8,decode,10,8,7,1,525,380,432,184,0,0,0,765,9,16,0,0,0,0,0,0,37,lru,0,0,0,0,0,0,8,7,8,1,0,0,0,0,0,0,0,0,0,0,0,1900544,0,1900544,3,18083609187251021850
layer,2,0,1,8,decode,11,8,6,2,1128,821,209,447,0,0,0,1422,8,15,0,0,0,0,0,0,43,lru,0,0,0,0,0,0,8,6,8,2,0,0,1,0,0,0,0,0,0,0,0,3801088,0,3801088,6,10400053086931731210
layer,2,0,1,8,decode,12,8,7,1,555,426,532,392,0,0,0,784,9,4,0,0,0,0,0,0,40,lru,0,0,0,0,0,0,8,7,8,1,0,0,3,0,0,0,0,0,0,0,0,1900544,0,1900544,3,9440434322926333939
layer,2,0,1,8,decode,13,8,7,1,563,403,348,201,0,0,0,737,9,16,0,0,0,0,0,0,36,lru,0,0,0,0,0,0,8,7,8,1,0,0,0,0,0,0,0,0,0,0,0,1900544,0,1900544,3,1174286810134569444
layer,2,0,1,8,decode,14,8,7,1,547,405,198,150,0,0,0,699,8,13,0,0,0,0,0,0,38,lru,0,0,0,0,0,0,8,7,8,1,0,0,0,0,0,0,0,0,0,0,0,1900544,0,1900544,3,9292688023969009462
layer,2,0,1,8,decode,15,8,7,1,529,418,248,238,0,0,0,741,9,31,0,0,0,0,0,0,40,lru,0,0,0,0,0,0,8,7,8,1,0,0,0,0,0,0,0,0,0,0,0,1900544,0,1900544,3,2341041207090096174
layer,2,0,1,8,decode,16,8,6,2,1180,822,192,547,0,0,0,1447,9,22,0,0,0,0,0,0,35,lru,0,0,0,0,0,0,8,6,8,2,0,0,0,0,0,0,0,0,0,0,0,3801088,0,3801088,6,3103753206550126754
layer,2,0,1,8,decode,17,8,7,1,608,395,209,201,0,0,0,792,8,26,0,0,0,0,0,0,32,lru,0,0,0,0,0,0,8,7,8,1,0,0,0,0,0,0,0,0,0,0,0,1900544,0,1900544,3,12120536833744245944
layer,2,0,1,8,decode,18,8,7,1,583,378,214,343,0,0,0,866,9,5,0,0,0,0,0,0,38,lru,0,0,0,0,0,0,8,7,8,1,0,0,0,0,0,0,0,0,0,0,0,1900544,0,1900544,3,14529533078094150793
layer,2,0,1,8,decode,19,8,5,3,1885,1197,386,601,0,0,0,2302,9,12,0,0,0,0,0,0,37,lru,0,0,0,0,0,0,8,5,8,3,0,0,0,0,0,0,0,0,0,0,0,5701632,0,5701632,9,7606805611823605654
layer,2,0,1,8,decode,20,8,7,1,533,415,196,363,0,0,0,764,8,4,0,0,0,0,0,0,40,lru,0,0,0,0,0,0,8,7,8,1,0,0,1,0,0,0,0,0,0,0,0,1900544,0,1900544,3,14556924722227389208
layer,2,0,1,8,decode,21,8,6,2,1208,775,275,414,0,0,0,1542,9,18,0,0,0,0,0,0,36,lru,0,0,0,0,0,0,8,6,8,2,0,0,0,0,0,0,0,0,0,0,0,3801088,0,3801088,6,2272989254515009706
layer,2,0,1,8,decode,22,8,6,2,1202,790,215,531,0,0,0,1535,8,17,0,0,0,0,0,0,36,lru,0,0,0,0,0,0,8,6,8,2,0,0,0,0,0,0,0,0,0,0,0,3801088,0,3801088,6,12200129016862827996
layer,2,0,1,8,decode,23,8,5,3,1830,1187,235,797,0,0,0,2291,9,15,0,0,0,0,0,0,39,lru,0,0,0,0,0,0,8,5,8,3,0,0,0,0,0,0,0,0,0,0,0,5701632,0,5701632,9,6053314081488264791
layer,2,0,1,8,decode,24,8,6,2,1245,785,190,368,0,0,0,1522,8,15,0,0,0,0,0,0,32,lru,0,0,0,0,0,0,8,6,8,2,0,0,1,0,0,0,0,0,0,0,0,3801088,0,3801088,6,16228038458833434975
layer,2,0,1,8,decode,25,8,5,3,1881,1230,526,712,0,0,0,2292,11,15,0,0,0,0,0,0,39,lru,0,0,0,0,0,0,8,5,8,3,0,0,1,0,0,0,0,0,0,0,0,5701632,0,5701632,9,3170298539972828031
layer,2,0,1,8,decode,26,8,6,2,1232,858,175,369,0,0,0,1479,8,12,0,0,0,0,0,0,40,lru,0,0,0,0,0,0,8,6,8,2,0,0,3,0,0,0,0,0,0,0,0,3801088,0,3801088,6,6900576943201685163
layer,2,0,1,8,decode,27,8,7,1,569,377,250,279,0,0,0,797,9,8,0,0,0,0,0,0,42,lru,0,0,0,0,0,0,8,7,8,1,0,0,0,0,0,0,0,0,0,0,0,1900544,0,1900544,3,16846406699492001831
layer,2,0,1,8,decode,28,8,4,4,2536,1734,196,830,0,0,0,3042,8,33,0,0,0,0,0,0,39,lru,0,0,0,0,0,0,8,4,8,4,0,0,0,0,0,0,0,0,0,0,0,7602176,0,7602176,12,5803454802082483263
layer,2,0,1,8,decode,29,8,4,4,2598,1723,332,827,0,0,0,3137,8,5,0,0,0,0,0,0,40,lru,0,0,0,0,0,0,8,4,8,4,0,0,0,0,0,0,0,0,0,0,0,7602176,0,7602176,12,14489353154135912313
layer,2,0,1,8,decode,30,8,4,4,2883,1657,324,1075,0,0,0,3446,8,9,0,0,0,0,0,0,39,lru,0,0,0,0,0,0,8,4,8,4,0,0,0,0,0,0,0,0,0,0,0,7602176,0,7602176,12,16008106841761014057
layer,2,0,1,8,decode,31,8,4,4,3079,1662,367,977,0,0,0,3650,10,44,0,0,0,0,0,0,35,lru,0,0,0,0,0,0,8,4,8,4,0,0,1,0,0,0,0,0,0,0,0,7602176,0,7602176,12,15798555228868397597
layer,2,0,1,8,decode,32,8,2,6,3827,2633,243,1210,0,0,0,4432,10,10,0,0,0,0,0,0,40,lru,0,0,0,0,0,0,8,2,8,6,0,0,5,0,0,0,0,0,0,0,0,11403264,0,11403264,18,10268965268763500699
layer,2,0,1,8,decode,33,8,5,3,1991,1241,268,638,0,0,0,2512,135,4,0,0,0,0,0,0,41,lru,0,0,0,0,0,0,8,5,8,3,0,0,1,0,0,0,0,0,0,0,0,5701632,0,5701632,9,830742544268967216
layer,2,0,1,8,decode,34,8,4,4,2765,1776,252,940,0,0,0,3331,8,6,0,0,0,0,0,0,42,lru,0,0,0,0,0,0,8,4,8,4,0,0,0,0,0,0,0,0,0,0,0,8159232,0,8159232,12,2426674317749624891
layer,2,0,1,8,decode,35,8,4,4,2449,1604,189,849,0,0,0,2998,9,21,0,0,0,0,0,0,37,lru,0,0,0,0,0,0,8,4,8,4,0,0,0,0,0,0,0,0,0,0,0,7602176,0,7602176,12,16409501627318341791
layer,2,0,1,8,decode,36,8,5,3,1848,1224,267,724,0,0,0,2270,9,31,0,0,0,0,0,0,37,lru,0,0,0,0,0,0,8,5,8,3,0,0,1,0,0,0,0,0,0,0,0,5701632,0,5701632,9,1227196625885113562
layer,2,0,1,8,decode,37,8,5,3,1971,1216,231,444,0,0,0,2425,8,10,0,0,0,0,0,0,36,lru,0,0,0,0,0,0,8,5,8,3,0,0,0,0,0,0,0,0,0,0,0,5701632,0,5701632,9,4911845172371421281
layer,2,0,1,8,decode,38,8,5,3,2098,1289,175,586,0,0,0,2494,8,23,0,0,0,0,0,0,33,lru,0,0,0,0,0,0,8,5,8,3,0,0,0,0,0,0,0,0,0,0,0,6119424,0,6119424,9,10965901087021910765
layer,2,0,1,8,decode,39,8,7,1,610,470,766,222,0,0,0,803,11,32,0,0,0,0,0,0,29,lru,0,0,0,0,0,0,8,7,8,1,0,0,3,0,0,0,0,0,0,0,0,2039808,0,2039808,3,6898205062680102620
request,2,0,1,0,decode,-1,0,0,0,0,0,0,0,0,0,0,0,0,0,0,0,0,0,0,0,0,,107490,720,0,0,27,0,0,0,0,0,0,0,0,0,0,0,0,0,0,0,0,0,0,0,0,0
layer,3,0,2,9,decode,0,8,2,6,3671,2576,545,1462,0,0,0,4589,51,13,0,0,0,0,0,0,56,lru,0,0,0,0,0,0,8,2,8,6,0,0,1,0,0,0,0,0,0,0,0,11403264,0,11403264,18,2439379790208681693
layer,3,0,2,9,decode,1,8,1,7,4372,3086,455,1626,0,0,0,5186,10,21,0,0,0,0,0,0,48,lru,0,0,0,0,0,0,8,1,8,7,0,0,2,0,0,0,0,0,0,0,0,13303808,0,13303808,21,5530144017409491609
layer,3,0,2,9,decode,2,8,5,3,1875,1327,447,708,0,0,0,2305,11,27,0,0,0,0,0,0,48,lru,0,0,0,0,0,0,8,5,8,3,0,0,2,0,0,0,0,0,0,0,0,5701632,0,5701632,9,5152571740203473204
layer,3,0,2,9,decode,3,8,3,5,2941,2155,191,983,0,0,0,3584,10,27,0,0,0,0,0,0,44,lru,0,0,0,0,0,0,8,3,8,5,0,0,2,0,0,0,0,0,0,0,0,9502720,0,9502720,15,894458228369099252
layer,3,0,2,9,decode,4,8,5,3,1702,1222,635,802,0,0,0,2130,10,12,0,0,0,0,0,0,38,lru,0,0,0,0,0,0,8,5,8,3,0,0,3,0,0,0,0,0,0,0,0,5701632,0,5701632,9,9479006158274044898
layer,3,0,2,9,decode,5,8,7,1,557,454,643,110,0,0,0,725,9,15,0,0,0,0,0,0,37,lru,0,0,0,0,0,0,8,7,8,1,0,0,2,0,0,0,0,0,0,0,0,1900544,0,1900544,3,12508506206227204953
layer,3,0,2,9,decode,6,8,7,1,549,403,460,195,0,0,0,775,12,10,0,0,0,0,0,0,37,lru,0,0,0,0,0,0,8,7,8,1,0,0,1,0,0,0,0,0,0,0,0,1900544,0,1900544,3,7958593955428414501
layer,3,0,2,9,decode,7,8,7,1,537,367,483,210,0,0,0,800,10,5,0,0,0,0,0,0,41,lru,0,0,0,0,0,0,8,7,8,1,0,0,4,0,0,0,0,0,0,0,0,1900544,0,1900544,3,6864383441183855332
layer,3,0,2,9,decode,8,8,8,0,0,0,451,0,0,0,0,32,10,3,0,0,0,0,0,0,30,lru,0,0,0,0,0,0,8,8,8,0,0,0,2,0,0,0,0,0,0,0,0,0,0,0,0,15878563677513177999
layer,3,0,2,9,decode,9,8,7,1,517,403,492,282,0,0,0,743,9,15,0,0,0,0,0,0,37,lru,0,0,0,0,0,0,8,7,8,1,0,0,2,0,0,0,0,0,0,0,0,1900544,0,1900544,3,15583782741298424331
layer,3,0,2,9,decode,10,8,5,3,1633,1192,376,677,0,0,0,2044,10,23,0,0,0,0,0,0,40,lru,0,0,0,0,0,0,8,5,8,3,0,0,0,0,0,0,0,0,0,0,0,5701632,0,5701632,9,2317113262194881424
layer,3,0,2,9,decode,11,8,6,2,1144,803,569,285,0,0,0,1472,9,14,0,0,0,0,0,0,45,lru,0,0,0,0,0,0,8,6,8,2,0,0,0,0,0,0,0,0,0,0,0,3801088,0,3801088,6,7614086726501928072
layer,3,0,2,9,decode,12,8,7,1,574,407,536,341,0,0,0,817,12,17,0,0,0,0,0,0,41,lru,0,0,0,0,0,0,8,7,8,1,0,0,2,0,0,0,0,0,0,0,0,1900544,0,1900544,3,16118006780967281937
layer,3,0,2,9,decode,13,8,7,1,566,383,814,253,0,0,0,775,11,10,0,0,0,0,0,0,37,lru,0,0,0,0,0,0,8,7,8,1,0,0,0,0,0,0,0,0,0,0,0,1900544,0,1900544,3,13301727653646130178
layer,3,0,2,9,decode,14,8,7,1,541,377,428,259,0,0,0,797,12,33,0,0,0,0,0,0,39,lru,0,0,0,0,0,0,8,7,8,1,0,0,2,0,0,0,0,0,0,0,0,1900544,0,1900544,3,16226822869488657371
layer,3,0,2,9,decode,15,8,8,0,0,0,443,0,0,0,0,28,10,3,0,0,0,0,0,0,40,lru,0,0,0,0,0,0,8,8,8,0,0,0,0,0,0,0,0,0,0,0,0,0,0,0,0,15333684053669740068
layer,3,0,2,9,decode,16,8,8,0,0,0,436,0,0,0,0,28,9,2,0,0,0,0,0,0,35,lru,0,0,0,0,0,0,8,8,8,0,0,0,0,0,0,0,0,0,0,0,0,0,0,0,0,18156535004170088488
layer,3,0,2,9,decode,17,8,6,2,1202,806,363,349,0,0,0,1477,8,25,0,0,0,0,0,0,34,lru,0,0,0,0,0,0,8,6,8,2,0,0,0,0,0,0,0,0,0,0,0,3801088,0,3801088,6,12499534816091393071
layer,3,0,2,9,decode,18,8,7,1,637,383,286,196,0,0,0,831,11,10,0,0,0,0,0,0,39,lru,0,0,0,0,0,0,8,7,8,1,0,0,0,0,0,0,0,0,0,0,0,1900544,0,1900544,3,18009979649929956651
layer,3,0,2,9,decode,19,8,8,0,0,0,718,0,0,0,0,28,9,3,0,0,0,0,0,0,37,lru,0,0,0,0,0,0,8,8,8,0,0,0,2,0,0,0,0,0,0,0,0,0,0,0,0,9706904353242226679
layer,3,0,2,9,decode,20,8,6,2,1129,830,575,499,0,0,0,1422,8,34,0,0,0,0,0,0,42,lru,0,0,0,0,0,0,8,6,8,2,0,0,2,0,0,0,0,0,0,0,0,3801088,0,3801088,6,16380265479827806259
layer,3,0,2,9,decode,21,8,7,1,598,447,455,127,0,0,0,790,9,16,0,0,0,0,0,0,37,lru,0,0,0,0,0,0,8,7,8,1,0,0,2,0,0,0,0,0,0,0,0,1900544,0,1900544,3,4078953021234040016
layer,3,0,2,9,decode,22,8,5,3,1916,1147,425,760,0,0,0,2279,8,13,0,0,0,0,0,0,39,lru,0,0,0,0,0,0,8,5,8,3,0,0,2,0,0,0,0,0,0,0,0,5701632,0,5701632,9,17400162012759967108
layer,3,0,2,9,decode,23,8,4,4,2484,1608,391,854,0,0,0,2926,9,26,0,0,0,0,0,0,43,lru,0,0,0,0,0,0,8,4,8,4,0,0,2,0,0,0,0,0,0,0,0,7602176,0,7602176,12,13309041899895176545
layer,3,0,2,9,decode,24,8,6,2,1170,794,357,506,0,0,0,1490,9,21,0,0,0,0,0,0,34,lru,0,0,0,0,0,0,8,6,8,2,0,0,2,0,0,0,0,0,0,0,0,3801088,0,3801088,6,10543918799852311252
layer,3,0,2,9,decode,25,8,6,2,1244,762,565,337,0,0,0,1538,9,11,0,0,0,0,0,0,41,lru,0,0,0,0,0,0,8,6,8,2,0,0,3,0,0,0,0,0,0,0,0,3801088,0,3801088,6,4383845771054040562
layer,3,0,2,9,decode,26,8,7,1,596,406,373,102,0,0,0,789,10,16,0,0,0,0,0,0,41,lru,0,0,0,0,0,0,8,7,8,1,0,0,0,0,0,0,0,0,0,0,0,1900544,0,1900544,3,7996547468997144507
layer,3,0,2,9,decode,27,8,7,1,595,403,433,220,0,0,0,796,9,12,0,0,0,0,0,0,43,lru,0,0,0,0,0,0,8,7,8,1,0,0,2,0,0,0,0,0,0,0,0,1900544,0,1900544,3,4997413147956188616
layer,3,0,2,9,decode,28,8,6,2,1161,799,416,440,0,0,0,1432,9,10,0,0,0,0,0,0,41,lru,0,0,0,0,0,0,8,6,8,2,0,0,2,0,0,0,0,0,0,0,0,3801088,0,3801088,6,6601512981618162556
layer,3,0,2,9,decode,29,8,6,2,1181,774,769,533,0,0,0,1561,11,4,0,0,0,0,0,0,42,lru,0,0,0,0,0,0,8,6,8,2,0,0,1,0,0,0,0,0,0,0,0,3801088,0,3801088,6,11077337312877427390
layer,3,0,2,9,decode,30,8,5,3,1776,1164,760,579,0,0,0,2205,9,7,0,0,0,0,0,0,42,lru,0,0,0,0,0,0,8,5,8,3,0,0,2,0,0,0,0,0,0,0,0,5701632,0,5701632,9,16921971005135964768
layer,3,0,2,9,decode,31,8,7,1,562,396,517,366,0,0,0,1112,326,12,0,0,0,0,0,0,36,lru,0,0,0,0,0,0,8,7,8,1,0,0,1,0,0,0,0,0,0,0,0,1900544,0,1900544,3,7295866156046197140
layer,3,0,2,9,decode,32,8,6,2,1234,804,536,324,0,0,0,1613,10,13,0,0,0,0,0,0,42,lru,0,0,0,0,0,0,8,6,8,2,0,0,0,0,0,0,0,0,0,0,0,3801088,0,3801088,6,14853610678425748918
layer,3,0,2,9,decode,33,8,7,1,595,394,430,257,0,0,0,782,10,16,0,0,0,0,0,0,42,lru,0,0,0,0,0,0,8,7,8,1,0,0,2,0,0,0,0,0,0,0,0,1900544,0,1900544,3,17105880559734282496
layer,3,0,2,9,decode,34,8,7,1,619,414,401,234,0,0,0,837,19,9,0,0,0,0,0,0,43,lru,0,0,0,0,0,0,8,7,8,1,0,0,1,0,0,0,0,0,0,0,0,2039808,0,2039808,3,13295037838754985178
layer,3,0,2,9,decode,35,8,7,1,555,381,444,186,0,0,0,769,8,3,0,0,0,0,0,0,38,lru,0,0,0,0,0,0,8,7,8,1,0,0,0,0,0,0,0,0,0,0,0,1900544,0,1900544,3,6242122251351646823
layer,3,0,2,9,decode,36,8,7,1,584,377,373,146,0,0,0,785,8,16,0,0,0,0,0,0,38,lru,0,0,0,0,0,0,8,7,8,1,0,0,0,0,0,0,0,0,0,0,0,1900544,0,1900544,3,15404048845616108371
layer,3,0,2,9,decode,37,8,6,2,1196,819,497,316,0,0,0,1513,10,28,0,0,0,0,0,0,38,lru,0,0,0,0,0,0,8,6,8,2,0,0,2,0,0,0,0,0,0,0,0,3801088,0,3801088,6,5578917339206495079
layer,3,0,2,9,decode,38,8,8,0,0,0,513,0,0,0,0,23,9,3,0,0,0,0,0,0,33,lru,0,0,0,0,0,0,8,8,8,0,0,0,0,0,0,0,0,0,0,0,0,0,0,0,0,14805870497676754792
layer,3,0,2,9,decode,39,8,8,0,0,0,832,0,0,0,0,26,9,3,0,0,0,0,0,0,29,lru,0,0,0,0,0,0,8,8,8,0,0,0,2,0,0,0,0,0,0,0,0,0,0,0,0,9732808651416351855
request,3,0,2,0,decode,-1,0,0,0,0,0,0,0,0,0,0,0,0,0,0,0,0,0,0,0,0,,76518,548,0,0,25,0,0,0,0,0,0,0,0,0,0,0,0,0,0,0,0,0,0,0,0,0
layer,4,0,3,10,decode,0,8,5,3,1750,1224,184,651,0,0,0,2178,11,4,0,0,0,0,0,0,59,lru,0,0,0,0,0,0,8,5,8,3,0,0,0,0,0,0,0,0,0,0,0,5701632,0,5701632,9,16247906216890745899
layer,4,0,3,10,decode,1,8,6,2,1160,807,165,512,0,0,0,1444,8,4,0,0,0,0,0,0,50,lru,0,0,0,0,0,0,8,6,8,2,0,0,1,0,0,0,0,0,0,0,0,3801088,0,3801088,6,2730667085848289560
layer,4,0,3,10,decode,2,8,5,3,1767,1241,502,676,0,0,0,2152,10,17,0,0,0,0,0,0,51,lru,0,0,0,0,0,0,8,5,8,3,0,0,0,0,0,0,0,0,0,0,0,5701632,0,5701632,9,7176135207461583252
layer,4,0,3,10,decode,3,8,7,1,537,410,323,335,0,0,0,777,8,4,0,0,0,0,0,0,45,lru,0,0,0,0,0,0,8,7,8,1,0,0,0,0,0,0,0,0,0,0,0,1900544,0,1900544,3,11929423388781047523
layer,4,0,3,10,decode,4,8,8,0,0,0,210,0,0,0,0,36,8,11,0,0,0,0,0,0,38,lru,0,0,0,0,0,0,8,8,8,0,0,0,0,0,0,0,0,0,0,0,0,0,0,0,0,8370462041403677863
layer,4,0,3,10,decode,5,8,5,3,1612,1205,190,700,0,0,0,2601,461,4,0,0,0,0,0,0,40,lru,0,0,0,0,0,0,8,5,8,3,0,0,0,0,0,0,0,0,0,0,0,5701632,0,5701632,9,704784202550892452
layer,4,0,3,10,decode,6,8,7,1,535,392,164,323,0,0,0,782,8,10,0,0,0,0,0,0,38,lru,0,0,0,0,0,0,8,7,8,1,0,0,1,0,0,0,0,0,0,0,0,1900544,0,1900544,3,3569910184209101358
layer,4,0,3,10,decode,7,8,6,2,1109,786,190,482,0,0,0,1387,8,4,0,0,0,0,0,0,43,lru,0,0,0,0,0,0,8,6,8,2,0,0,0,0,0,0,0,0,0,0,0,3801088,0,3801088,6,12053379203085166647
layer,4,0,3,10,decode,8,8,7,1,513,407,182,318,0,0,0,803,8,16,0,0,0,0,0,0,31,lru,0,0,0,0,0,0,8,7,8,1,0,0,0,0,0,0,0,0,0,0,0,1900544,0,1900544,3,5588733726054972497
layer,4,0,3,10,decode,9,8,8,0,0,0,186,0,0,0,0,23,8,2,0,0,0,0,0,0,37,lru,0,0,0,0,0,0,8,8,8,0,0,0,0,0,0,0,0,0,0,0,0,0,0,0,0,17384942664862209895
layer,4,0,3,10,decode,10,8,3,5,2858,2096,147,872,0,0,0,3454,8,21,0,0,0,0,0,0,45,lru,0,0,0,0,0,0,8,3,8,5,0,0,0,0,0,0,0,0,0,0,0,9502720,0,9502720,15,2839387626017821044
layer,4,0,3,10,decode,11,8,4,4,2222,1590,210,804,0,0,0,2770,9,16,0,0,0,0,0,0,49,lru,0,0,0,0,0,0,8,4,8,4,0,0,1,0,0,0,0,0,0,0,0,7602176,0,7602176,12,1502278550275007794
layer,4,0,3,10,decode,12,8,5,3,1730,1158,171,488,0,0,0,2209,8,11,0,0,0,0,0,0,44,lru,0,0,0,0,0,0,8,5,8,3,0,0,0,0,0,0,0,0,0,0,0,5701632,0,5701632,9,7708278659050343416
layer,4,0,3,10,decode,13,8,6,2,1148,821,621,482,0,0,0,1438,8,19,0,0,0,0,0,0,39,lru,0,0,0,0,0,0,8,6,8,2,0,0,0,0,0,0,0,0,0,0,0,3801088,0,3801088,6,3767374380312181690
layer,4,0,3,10,decode,14,8,4,4,2348,1635,305,1021,0,0,0,2823,8,13,0,0,0,0,0,0,43,lru,0,0,0,0,0,0,8,4,8,4,0,0,0,0,0,0,0,0,0,0,0,7602176,0,7602176,12,1100526533453510124
layer,4,0,3,10,decode,15,8,5,3,1719,1242,216,520,0,0,0,2071,8,6,0,0,0,0,0,0,43,lru,0,0,0,0,0,0,8,5,8,3,0,0,1,0,0,0,0,0,0,0,0,5701632,0,5701632,9,10783859796569850107
layer,4,0,3,10,decode,16,8,5,3,1823,1156,165,747,0,0,0,2247,14,15,0,0,0,0,0,0,38,lru,0,0,0,0,0,0,8,5,8,3,0,0,0,0,0,0,0,0,0,0,0,5701632,0,5701632,9,6686694426912887929
layer,4,0,3,10,decode,17,8,3,5,3180,2063,303,1261,0,0,0,3809,9,33,0,0,0,0,0,0,39,lru,0,0,0,0,0,0,8,3,8,5,0,0,0,0,0,0,0,0,0,0,0,9502720,0,9502720,15,8800206737816834524
layer,4,0,3,10,decode,18,8,6,2,1288,779,195,342,0,0,0,1565,9,4,0,0,0,0,0,0,41,lru,0,0,0,0,0,0,8,6,8,2,0,0,1,0,0,0,0,0,0,0,0,3801088,0,3801088,6,16784101483311161824
layer,4,0,3,10,decode,19,8,4,4,2597,1588,196,833,0,0,0,3145,8,5,0,0,0,0,0,0,41,lru,0,0,0,0,0,0,8,4,8,4,0,0,1,0,0,0,0,0,0,0,0,7602176,0,7602176,12,15084533388197769666
layer,4,0,3,10,decode,20,8,7,1,587,403,182,291,0,0,0,808,8,4,0,0,0,0,0,0,43,lru,0,0,0,0,0,0,8,7,8,1,0,0,0,0,0,0,0,0,0,0,0,1900544,0,1900544,3,1492208788715952395
layer,4,0,3,10,decode,21,8,7,1,584,381,163,299,0,0,0,783,9,14,0,0,0,0,0,0,38,lru,0,0,0,0,0,0,8,7,8,1,0,0,1,0,0,0,0,0,0,0,0,1900544,0,1900544,3,3857327543358672465
layer,4,0,3,10,decode,22,8,2,6,4206,2474,306,1257,0,0,0,4837,8,26,0,0,0,0,0,0,45,lru,0,0,0,0,0,0,8,2,8,6,0,0,0,0,0,0,0,0,0,0,0,11403264,0,11403264,18,17681473507466049729
layer,4,0,3,10,decode,23,8,5,3,1847,1232,195,513,0,0,0,2175,14,20,0,0,0,0,0,0,46,lru,0,0,0,0,0,0,8,5,8,3,0,0,1,0,0,0,0,0,0,0,0,5701632,0,5701632,9,13229067695679003933
layer,4,0,3,10,decode,24,8,3,5,3258,2065,178,1115,0,0,0,3843,8,23,0,0,0,0,0,0,39,lru,0,0,0,0,0,0,8,3,8,5,0,0,0,0,0,0,0,0,0,0,0,9502720,0,9502720,15,3063950872418481192
layer,4,0,3,10,decode,25,8,6,2,1262,814,157,365,0,0,0,1512,8,17,0,0,0,0,0,0,43,lru,0,0,0,0,0,0,8,6,8,2,0,0,0,0,0,0,0,0,0,0,0,3801088,0,3801088,6,18146373238837401826
layer,4,0,3,10,decode,26,8,5,3,1967,1251,147,537,0,0,0,2279,9,24,0,0,0,0,0,0,44,lru,0,0,0,0,0,0,8,5,8,3,0,0,0,0,0,0,0,0,0,0,0,5701632,0,5701632,9,242653596653425603
layer,4,0,3,10,decode,27,8,8,0,0,0,221,0,0,0,0,23,8,2,0,0,0,0,0,0,43,lru,0,0,0,0,0,0,8,8,8,0,0,0,0,0,0,0,0,0,0,0,0,0,0,0,0,2161888719603964620
layer,4,0,3,10,decode,28,8,6,2,1196,774,190,456,0,0,0,1490,8,4,0,0,0,0,0,0,43,lru,0,0,0,0,0,0,8,6,8,2,0,0,0,0,0,0,0,0,0,0,0,3801088,0,3801088,6,13816892280914175269
layer,4,0,3,10,decode,29,8,6,2,1162,790,159,488,0,0,0,1439,8,33,0,0,0,0,0,0,44,lru,0,0,0,0,0,0,8,6,8,2,0,0,0,0,0,0,0,0,0,0,0,3801088,0,3801088,6,3935994256535116561
layer,4,0,3,10,decode,30,8,5,3,1869,1230,281,619,0,0,0,2244,8,18,0,0,0,0,0,0,45,lru,0,0,0,0,0,0,8,5,8,3,0,0,1,0,0,0,0,0,0,0,0,5701632,0,5701632,9,2313781636369622503
layer,4,0,3,10,decode,31,8,5,3,1872,1266,200,455,0,0,0,2202,7,12,0,0,0,0,0,0,39,lru,0,0,0,0,0,0,8,5,8,3,0,0,0,0,0,0,0,0,0,0,0,5701632,0,5701632,9,16147934069930379488
layer,4,0,3,10,decode,32,8,5,3,1831,1246,335,612,0,0,0,2200,8,15,0,0,0,0,0,0,45,lru,0,0,0,0,0,0,8,5,8,3,0,0,1,0,0,0,0,0,0,0,0,5701632,0,5701632,9,9683118966616239840
layer,4,0,3,10,decode,33,8,3,5,3226,2181,184,884,0,0,0,3760,8,22,0,0,0,0,0,0,47,lru,0,0,0,0,0,0,8,3,8,5,0,0,0,0,0,0,0,0,0,0,0,9502720,0,9502720,15,13675341341721069652
layer,4,0,3,10,decode,34,8,4,4,2638,1696,150,864,0,0,0,3094,8,16,0,0,0,0,0,0,47,lru,0,0,0,0,0,0,8,4,8,4,0,0,0,0,0,0,0,0,0,0,0,8159232,0,8159232,12,14304516061402514710
layer,4,0,3,10,decode,35,8,5,3,1847,1194,159,458,0,0,0,2218,8,3,0,0,0,0,0,0,41,lru,0,0,0,0,0,0,8,5,8,3,0,0,4,0,0,0,0,0,0,0,0,5701632,0,5701632,9,465917788525749098
layer,4,0,3,10,decode,36,8,5,3,1877,1188,221,613,0,0,0,2264,8,3,0,0,0,0,0,0,41,lru,0,0,0,0,0,0,8,5,8,3,0,0,0,0,0,0,0,0,0,0,0,5701632,0,5701632,9,5925564637265137879
layer,4,0,3,10,decode,37,8,4,4,2489,1616,189,1120,0,0,0,2958,8,3,0,0,0,0,0,0,42,lru,0,0,0,0,0,0,8,4,8,4,0,0,1,0,0,0,0,0,0,0,0,7602176,0,7602176,12,2845106822778695495
layer,4,0,3,10,decode,38,8,6,2,1215,790,146,466,0,0,0,1570,8,9,0,0,0,0,0,0,35,lru,0,0,0,0,0,0,8,6,8,2,0,0,0,0,0,0,0,0,0,0,0,4079616,0,4079616,6,3331969172498085268
layer,4,0,3,10,decode,39,8,6,2,1277,885,748,377,0,0,0,1560,10,11,0,0,0,0,0,0,31,lru,0,0,0,0,0,0,8,6,8,2,0,0,0,0,0,0,0,0,0,0,0,4079616,0,4079616,6,7977950910429136893
request,4,0,3,0,decode,-1,0,0,0,0,0,0,0,0,0,0,0,0,0,0,0,0,0,0,0,0,,91746,715,0,0,20,0,0,0,0,0,0,0,0,0,0,0,0,0,0,0,0,0,0,0,0,0
layer,5,0,4,11,decode,0,8,1,7,4270,3134,193,1461,0,0,0,5351,353,27,0,0,0,0,0,0,66,lru,0,0,0,0,0,0,8,1,8,7,0,0,0,0,0,0,0,0,0,0,0,13303808,0,13303808,21,5379305832357754345
layer,5,0,4,11,decode,1,8,2,6,3680,2654,163,1335,0,0,0,4291,8,15,0,0,0,0,0,0,56,lru,0,0,0,0,0,0,8,2,8,6,0,0,1,0,0,0,0,0,0,0,0,11403264,0,11403264,18,11827840009513070111
layer,5,0,4,11,decode,2,8,0,8,5011,3526,157,2097,0,0,0,6095,8,35,0,0,0,0,0,0,59,lru,0,0,0,0,0,0,8,0,8,8,0,0,0,0,0,0,0,0,0,0,0,15204352,0,15204352,24,9525229995572586888
layer,5,0,4,11,decode,3,8,6,2,1109,844,181,495,0,0,0,1402,9,22,0,0,0,0,0,0,47,lru,0,0,0,0,0,0,8,6,8,2,0,0,1,0,0,0,0,0,0,0,0,3801088,0,3801088,6,15260116459095948803
layer,5,0,4,11,decode,4,8,6,2,1124,811,354,486,0,0,0,1421,9,16,0,0,0,0,0,0,40,lru,0,0,0,0,0,0,8,6,8,2,0,0,0,0,0,0,0,0,0,0,0,3801088,0,3801088,6,8180664893137251576
layer,5,0,4,11,decode,5,8,4,4,2285,1745,164,966,0,0,0,2739,8,19,0,0,0,0,0,0,44,lru,0,0,0,0,0,0,8,4,8,4,0,0,0,0,0,0,0,0,0,0,0,7602176,0,7602176,12,11433390269556513028
layer,5,0,4,11,decode,6,8,5,3,1791,1296,184,701,0,0,0,2164,8,3,0,0,0,0,0,0,41,lru,0,0,0,0,0,0,8,5,8,3,0,0,0,0,0,0,0,0,0,0,0,5701632,0,5701632,9,14266854340080423319
layer,5,0,4,11,decode,7,8,5,3,1725,1291,177,677,0,0,0,2112,8,21,0,0,0,0,0,0,46,lru,0,0,0,0,0,0,8,5,8,3,0,0,0,0,0,0,0,0,0,0,0,5701632,0,5701632,9,2907021649372687299
layer,5,0,4,11,decode,8,8,7,1,545,375,178,270,0,0,0,763,8,3,0,0,0,0,0,0,32,lru,0,0,0,0,0,0,8,7,8,1,0,0,0,0,0,0,0,0,0,0,0,1900544,0,1900544,3,10893607260554342148
layer,5,0,4,11,decode,9,8,7,1,512,394,302,222,0,0,0,772,8,4,0,0,0,0,0,0,38,lru,0,0,0,0,0,0,8,7,8,1,0,0,0,0,0,0,0,0,0,0,0,1900544,0,1900544,3,2555792462326277661
layer,5,0,4,11,decode,10,8,4,4,2356,1608,179,821,0,0,0,2824,8,20,0,0,0,0,0,0,49,lru,0,0,0,0,0,0,8,4,8,4,0,0,0,0,0,0,0,0,0,0,0,7602176,0,7602176,12,17859773396021417863
layer,5,0,4,11,decode,11,8,3,5,2894,2079,186,1220,0,0,0,3473,8,23,0,0,0,0,0,0,54,lru,0,0,0,0,0,0,8,3,8,5,0,0,0,0,0,0,0,0,0,0,0,9502720,0,9502720,15,1283664142602881173
layer,5,0,4,11,decode,12,8,5,3,1750,1224,184,702,0,0,0,2100,8,9,0,0,0,0,0,0,47,lru,0,0,0,0,0,0,8,5,8,3,0,0,0,0,0,0,0,0,0,0,0,5701632,0,5701632,9,9706068534725335448
layer,5,0,4,11,decode,13,8,5,3,1848,1223,345,1540,0,0,0,2511,8,76,0,0,0,0,0,0,42,lru,0,0,0,0,0,0,8,5,8,3,0,0,0,0,0,0,0,0,0,0,0,5701632,0,5701632,9,4898287489709368431
layer,5,0,4,11,decode,14,8,8,0,0,0,233,0,0,0,0,500,448,8,0,0,0,0,0,0,43,lru,0,0,0,0,0,0,8,8,8,0,0,0,8,0,0,0,0,0,0,0,0,0,0,0,0,1027893881631761713
layer,5,0,4,11,decode,15,8,7,1,561,383,245,369,0,0,0,820,17,7,0,0,0,0,0,0,44,lru,0,0,0,0,0,0,8,7,8,1,0,0,2,0,0,0,0,0,0,0,0,1900544,0,1900544,3,3967923520409666238
layer,5,0,4,11,decode,16,8,5,3,1693,1181,228,1041,0,0,0,2136,15,6,0,0,0,0,0,0,41,lru,0,0,0,0,0,0,8,5,8,3,0,0,2,0,0,0,0,0,0,0,0,5701632,0,5701632,9,18112475951527437518
layer,5,0,4,11,decode,17,8,5,3,1907,1157,229,896,0,0,0,2359,17,6,0,0,0,0,0,0,42,lru,0,0,0,0,0,0,8,5,8,3,0,0,3,0,0,0,0,0,0,0,0,5701632,0,5701632,9,14573480904561645224
layer,5,0,4,11,decode,18,8,4,4,2629,1566,150,1181,0,0,0,3212,15,30,0,0,0,0,0,0,45,lru,0,0,0,0,0,0,8,4,8,4,0,0,3,0,0,0,0,0,0,0,0,7602176,0,7602176,12,15065763078729702944
layer,5,0,4,11,decode,19,8,8,0,0,0,265,0,0,0,0,47,15,5,0,0,0,0,0,0,41,lru,0,0,0,0,0,0,8,8,8,0,0,0,3,0,0,0,0,0,0,0,0,0,0,0,0,17810660480127976890
layer,5,0,4,11,decode,20,8,7,1,563,382,233,222,0,0,0,812,14,21,0,0,0,0,0,0,44,lru,0,0,0,0,0,0,8,7,8,1,0,0,2,0,0,0,0,0,0,0,0,1900544,0,1900544,3,2943781326680370161
layer,5,0,4,11,decode,21,8,7,1,615,382,233,314,0,0,0,858,15,6,0,0,0,0,0,0,39,lru,0,0,0,0,0,0,8,7,8,1,0,0,2,0,0,0,0,0,0,0,0,1900544,0,1900544,3,2380650204418727493
layer,5,0,4,11,decode,22,8,4,4,2521,1571,197,1121,0,0,0,3054,14,6,0,0,0,0,0,0,49,lru,0,0,0,0,0,0,8,4,8,4,0,0,2,0,0,0,0,0,0,0,0,7602176,0,7602176,12,13613248154916078289
layer,5,0,4,11,decode,23,8,2,6,3860,2481,312,1520,0,0,0,4595,14,27,0,0,0,0,0,0,52,lru,0,0,0,0,0,0,8,2,8,6,0,0,3,0,0,0,0,0,0,0,0,11403264,0,11403264,18,15397957145766055547
layer,5,0,4,11,decode,24,8,6,2,1368,830,257,525,0,0,0,1685,15,6,0,0,0,0,0,0,41,lru,0,0,0,0,0,0,8,6,8,2,0,0,3,0,0,0,0,0,0,0,0,3801088,0,3801088,6,18220272731806990791
layer,5,0,4,11,decode,25,8,7,1,584,367,236,348,0,0,0,837,15,6,0,0,0,0,0,0,44,lru,0,0,0,0,0,0,8,7,8,1,0,0,2,0,0,0,0,0,0,0,0,1900544,0,1900544,3,9129119371540252410
layer,5,0,4,11,decode,26,8,5,3,1891,1167,198,747,0,0,0,2345,14,6,0,0,0,0,0,0,47,lru,0,0,0,0,0,0,8,5,8,3,0,0,2,0,0,0,0,0,0,0,0,5701632,0,5701632,9,3820031455082989263
layer,5,0,4,11,decode,27,8,6,2,1220,749,234,462,0,0,0,1558,15,10,0,0,0,0,0,0,45,lru,0,0,0,0,0,0,8,6,8,2,0,0,3,0,0,0,0,0,0,0,0,3801088,0,3801088,6,3004967097770322225
layer,5,0,4,11,decode,28,8,6,2,1144,780,179,577,0,0,0,1501,23,20,0,0,0,0,0,0,45,lru,0,0,0,0,0,0,8,6,8,2,0,0,2,0,0,0,0,0,0,0,0,3801088,0,3801088,6,7813683119676517172
layer,5,0,4,11,decode,29,8,4,4,2495,1563,252,1317,0,0,0,3052,15,12,0,0,0,0,0,0,48,lru,0,0,0,0,0,0,8,4,8,4,0,0,2,0,0,0,0,0,0,0,0,7602176,0,7602176,12,1418757096561938685
layer,5,0,4,11,decode,30,8,5,3,1780,1206,188,796,0,0,0,2238,13,27,0,0,0,0,0,0,48,lru,0,0,0,0,0,0,8,5,8,3,0,0,2,0,0,0,0,0,0,0,0,5701632,0,5701632,9,4277398872574627375
layer,5,0,4,11,decode,31,8,5,3,1923,1191,615,1097,0,0,0,2360,14,7,0,0,0,0,0,0,42,lru,0,0,0,0,0,0,8,5,8,3,0,0,2,0,0,0,0,0,0,0,0,5701632,0,5701632,9,5702790975160321777
layer,5,0,4,11,decode,32,8,5,3,1779,1218,343,931,0,0,0,2231,13,17,0,0,0,0,0,0,48,lru,0,0,0,0,0,0,8,5,8,3,0,0,3,0,0,0,0,0,0,0,0,5701632,0,5701632,9,17194150264387870135
layer,5,0,4,11,decode,33,8,5,3,1967,1214,180,730,0,0,0,2356,13,5,0,0,0,0,0,0,50,lru,0,0,0,0,0,0,8,5,8,3,0,0,2,0,0,0,0,0,0,0,0,5701632,0,5701632,9,12347896893557238334
layer,5,0,4,11,decode,34,8,5,3,1972,1239,188,956,0,0,0,2422,13,28,0,0,0,0,0,0,50,lru,0,0,0,0,0,0,8,5,8,3,0,0,2,0,0,0,0,0,0,0,0,6119424,0,6119424,9,17483093967485573786
layer,5,0,4,11,decode,35,8,6,2,1175,845,179,658,0,0,0,1522,13,29,0,0,0,0,0,0,43,lru,0,0,0,0,0,0,8,6,8,2,0,0,2,0,0,0,0,0,0,0,0,3801088,0,3801088,6,10051282079967907152
layer,5,0,4,11,decode,36,8,5,3,1879,1186,247,1265,0,0,0,2331,13,39,0,0,0,0,0,0,44,lru,0,0,0,0,0,0,8,5,8,3,0,0,2,0,0,0,0,0,0,0,0,5701632,0,5701632,9,7629731338665970677
layer,5,0,4,11,decode,37,8,6,2,1213,732,271,506,0,0,0,1607,32,19,0,0,0,0,0,0,44,lru,0,0,0,0,0,0,8,6,8,2,0,0,21,0,0,0,0,0,0,0,0,3801088,0,3801088,6,615085242244539454
layer,5,0,4,11,decode,38,8,6,2,1208,821,203,542,0,0,0,1543,17,25,0,0,0,0,0,0,37,lru,0,0,0,0,0,0,8,6,8,2,0,0,3,0,0,0,0,0,0,0,0,4079616,0,4079616,6,2435493771378592587
layer,5,0,4,11,decode,39,8,7,1,629,384,732,336,0,0,0,876,15,7,0,0,0,0,0,0,32,lru,0,0,0,0,0,0,8,7,8,1,0,0,2,0,0,0,0,0,0,0,0,2039808,0,2039808,3,6808173350507249350
request,5,0,4,0,decode,-1,0,0,0,0,0,0,0,0,0,0,0,0,0,0,0,0,0,0,0,0,,99822,1923,0,0,74,0,0,0,0,0,0,0,0,0,0,0,0,0,0,0,0,0,0,0,0,0
