elapsed_ms,rss_kib,hwm_kib,locked_kib,n0_pages,n1_pages
3,1716,10384,0,901,4565
1040,129920,129920,0,1646,30839
2082,129920,129920,0,1646,30839
3122,129920,129920,0,1646,30839
4163,120460,135168,0,1897,28572
5204,120460,135168,0,1897,28572
6245,121804,135168,0,1899,28570
7286,121804,135168,0,1899,28570
8326,121804,135168,0,1899,28570
9365,122392,135168,0,1899,28717
10406,778232,796712,0,3337,208189
11462,4194656,4213400,0,3337,1062311
12557,7782152,7801160,0,3337,1959816
13671,11292824,11311304,0,3337,2837163
14800,14965808,14984816,0,3337,3756165
15967,18765772,18784780,0,3337,4706522
17134,19622396,19622396,0,3337,4902280
18302,19622396,19622396,0,3337,4902280
19498,19622396,19622396,0,3337,4902280
20672,19847764,19866772,0,3478,4977609
21844,20671060,20671060,0,4697,5163127
23017,20747488,20750392,0,4879,5182796
24147,20750644,20750644,0,4879,5182800
25327,20750652,20750652,0,4879,5182803
26507,20750664,20750664,0,4879,5182805
27669,20750744,20750744,0,4879,5182829
28847,20750768,20750768,0,4879,5182831
30023,20750772,20750772,0,4879,5182833
31202,20750784,20750784,0,4879,5182836
32381,20750788,20750788,0,4879,5182837
33559,20750792,20750792,0,4879,5182838
34734,20750804,20750804,0,4879,5182840
35913,20750812,20750812,0,4879,5182842
37090,20750820,20750820,0,4879,5182844
38271,20750824,20750824,0,4879,5182845
39451,17660516,20756160,0,4895,4251532
40642,7064164,20756160,0,4895,1630092
41755,0,0,0,0,0
