0,248046
1,198
2,248045
3,74455
4,198
5,248068
6,198
7,8160
8,579
9,264
10,7047
11,1817
12,25
13,271
14,16
15,13
16,220
17,2972
18,2014
19,53983
20,2570
21,5396
22,64700
23,198
24,256
25,471
26,561
27,1879
28,369
29,264
30,10632
31,2424
32,314
33,21957
34,4055
35,5587
36,11
37,17210
38,11
39,4947
40,11
41,321
42,83123
43,1970
44,12317
45,66320
46,13
47,198
48,256
49,471
50,1049
51,5435
52,264
53,6311
54,314
55,38016
56,17210
57,27718
58,46474
59,4
60,5
61,6
62,24218
63,10
64,4838
65,1665
66,15
67,16
68,17
69,18
70,19
71,20
72,21
73,22
74,23
75,24
76,25
77,33898
78,2110
79,30
80,31
81,73307
82,25223
83,87197
84,62
85,63
86,65234
87,44576
88,92
89,93
90,63
91,681
92,34707
93,5587
94,11
95,321
96,1092
97,5686
98,1040
99,10548
100,15019
101,18890
102,318
103,68
104,1257
105,2487
106,1510
107,2173
108,383
109,264
110,1180
111,267
112,11452
113,7561
114,1510
115,8875
116,274
117,12481
118,277
119,278
120,7561
121,1510
122,727
123,688
124,689
125,690
126,691
127,692
128,693
129,7561
130,1510
131,860
132,7561
133,1510
134,671
135,7561
136,1510
137,464
138,7561
139,1510
140,1005
141,7561
142,1510
143,1628
144,7561
145,1510
146,972
147,7561
148,1510
149,723
150,7561
151,1510
152,447
153,7561
154,1510
155,683
156,7561
157,1510
158,390
159,7561
160,1510
161,331
162,7561
163,1510
164,1449
165,7561
166,1510
167,1891
168,7561
169,1510
170,3361
171,7561
172,1510
173,1485
174,7561
175,1510
176,6947
177,7561
178,1510
179,860
180,7561
181,1510
182,1929
183,7561
184,1510
185,1911
186,7561
187,1510
188,989
189,7561
190,1510
191,917
192,7561
193,1510
194,1112
195,7561
196,1510
197,902
198,7561
199,1510
200,559
201,7561
202,1510
203,701
204,7561
205,1510
206,2827
207,7561
208,1510
209,1802
210,7561
211,1510
212,3721
213,7561
214,1510
215,410
216,7561
217,1510
218,5643
219,7561
220,1510
221,7429
222,7561
223,1510
224,8224
225,7561
226,1510
227,992
228,7561
229,1510
230,312
231,7561
232,1510
233,320
234,7561
235,1510
236,1022
237,7561
238,1510
239,1749
240,7561
241,1510
242,2918
243,7561
244,1510
245,4456
246,7561
247,1510
248,363
249,7561
250,1510
251,1249
252,7561
253,51891
254,27427
255,1510
256,397
257,7561
258,1510
259,2110
260,7561
261,1510
262,476
263,7561
264,1510
265,14477
266,553
267,198
268,256
269,471
270,2532
271,513
272,1048
273,1010
274,63049
275,4105
276,85957
277,25717
278,9238
279,303
280,25
281,1510
282,15213
283,38
284,2737
285,7561
286,1510
287,846
288,7561
289,1510
290,8678
291,7561
292,1510
293,1927
294,7561
295,1510
296,5599
297,7561
298,1510
299,1733
300,7561
301,1510
302,1628
303,7561
304,1510
305,6450
306,7561
307,1510
308,15889
309,7561
310,1510
311,13390
312,7561
313,1510
314,671
315,7561
316,1510
317,927
318,7561
319,1510
320,1267
321,7561
322,1510
323,1005
324,7561
325,1510
326,4249
327,7561
328,1510
329,3573
330,7561
331,1510
332,2987
333,7561
334,1510
335,4809
336,7561
337,1510
338,2159
339,7561
340,1510
341,4211
342,7561
343,1510
344,1662
345,7561
346,1510
347,17526
348,7561
349,1510
350,3666
351,7561
352,1510
353,8251
354,7561
355,1510
356,21564
357,7561
358,1510
359,32508
360,7561
361,1510
362,87438
363,7561
364,1510
365,8090
366,1341
367,7561
368,1510
369,21154
370,5590
371,7561
372,1510
373,276
374,26291
375,7561
376,1510
377,31849
378,7561
379,1510
380,75
381,2173
382,7561
383,1510
384,1877
385,7561
386,1510
387,16221
388,7561
389,1510
390,57393
391,7561
392,1510
393,57596
394,7561
395,1510
396,2138
397,7561
398,1510
399,16615
400,7561
401,1510
402,5274
403,7561
404,1510
405,24028
406,7561
407,1510
408,13974
409,7561
410,1510
411,4660
412,7561
413,1510
414,17812
415,7561
416,1510
417,18439
418,7561
419,1510
420,16546
421,7561
422,1510
423,50885
424,7561
425,1510
426,4650
427,7561
428,1510
429,29069
430,7561
431,1510
432,71
433,344
434,7561
435,1510
436,77302
437,7561
438,1510
439,26184
440,7561
441,1510
442,1681
443,7561
444,1510
445,28288
446,7561
447,1510
448,447
449,7561
450,1510
451,723
452,7561
453,1510
454,698
455,7561
456,1510
457,5231
458,7561
459,1510
460,2309
461,7561
462,1510
463,4394
464,7561
465,1510
466,3081
467,7561
468,1510
469,851
470,7561
471,1510
472,4775
473,7561
474,1510
475,2428
476,7561
477,1510
478,5378
479,7561
480,1510
481,2388
482,7561
483,1510
484,9215
485,7561
486,1510
487,26558
488,7561
489,1510
490,40027
491,7561
492,1510
493,9252
494,7561
495,1510
496,8689
497,7561
498,1510
499,13259
500,7561
501,1510
502,30499
503,7561
504,1510
505,45138
506,7561
507,1510
508,17961
509,7561
510,1510
511,12749
512,7561
513,1510
514,19974
515,7561
516,1510
517,6184
518,7561
519,1510
520,28726
521,7561
522,1510
523,11093
524,7561
525,1510
526,7449
527,7561
528,1510
529,12624
530,7561
531,1510
532,4380
533,7561
534,1510
535,4480
536,7561
537,1510
538,7945
539,7561
540,1510
541,8534
542,7561
543,1510
544,4435
545,7561
546,1510
547,7450
548,7561
549,1510
550,15489
551,7561
552,1510
553,16759
554,7561
555,1510
556,15696
557,7561
558,1510
559,29500
560,7561
561,1510
562,16991
563,7561
564,1510
565,9273
566,7561
567,1510
568,395
569,7561
570,1510
571,3662
572,7561
573,1510
574,11856
575,7561
576,1510
577,1050
578,7561
579,1510
580,5880
581,7561
582,1510
583,2267
584,7561
585,1510
586,1152
587,7561
588,1510
589,17142
590,7561
591,1510
592,22319
593,7561
594,1510
595,9066
596,7561
597,1510
598,4293
599,7561
600,1510
601,3394
602,7561
603,1510
604,6960
605,7561
606,1510
607,11741
608,7561
609,1510
610,2012
611,7561
612,1510
613,15571
614,7561
615,1510
616,15812
617,7561
618,1510
619,4834
620,7561
621,1510
622,1209
623,7561
624,1510
625,767
626,7561
627,1510
628,927
629,7561
630,1510
631,12306
632,7561
633,1510
634,23814
635,7561
636,1510
637,1551
638,7561
639,1510
640,1595
641,7561
642,1510
643,3112
644,7561
645,1510
646,2117
647,7561
648,1510
649,8217
650,7561
651,1510
652,8038
653,7561
654,1510
655,1938
656,7561
657,1510
658,8286
659,7561
660,1510
661,633
662,7561
663,1510
664,6033
665,7561
666,1510
667,5691
668,7561
669,1510
670,2482
671,7561
672,1510
673,8843
674,7561
675,1510
676,3573
677,7561
678,1510
679,9311
680,7561
681,1510
682,9521
683,7561
684,1510
685,17538
686,7561
687,1510
688,34600
689,7561
690,1510
691,5658
692,7561
693,1510
694,19258
695,7561
696,1510
697,15441
698,7561
699,1510
700,591
701,7561
702,1510
703,1448
704,7561
705,1510
706,4429
707,7561
708,1510
709,1005
710,7561
711,1510
712,1267
713,7561
714,1510
715,8746
716,7561
717,1510
718,1193
719,7561
720,1510
721,15715
722,7561
723,1510
724,4809
725,7561
726,1510
727,15770
728,7561
729,1510
730,24850
731,7561
732,1510
733,8926
734,7561
735,1510
736,91210
737,7561
738,1510
739,24254
740,7561
741,1510
742,12457
743,7561
744,1510
745,26227
746,7561
747,1510
748,3051
749,7561
750,1510
751,3637
752,7561
753,1510
754,2950
755,7561
756,1510
757,82
758,19271
759,7561
760,1510
761,2794
762,7561
763,1510
764,23397
765,7561
766,1510
767,17404
768,7561
769,1510
770,1899
771,9066
772,7561
773,1510
774,48950
775,7561
776,1510
777,4293
778,7561
779,1510
780,16991
781,7561
782,1510
783,8678
784,7561
785,1510
786,15273
787,7561
788,1510
789,22570
790,7561
791,1510
792,2078
793,7561
794,1510
795,4048
796,7561
797,1510
798,2159
799,7561
800,1510
801,4211
802,7561
803,1510
804,1662
805,7561
806,1510
807,17526
808,7561
809,1510
810,3666
811,7561
812,1510
813,8251
814,7561
815,1510
816,21564
817,7561
818,1510
819,32508
820,7561
821,1510
822,87438
823,7561
824,1510
825,8090
826,1341
827,7561
828,1510
829,21154
830,5590
831,7561
832,1510
833,276
834,26291
835,7561
836,1510
837,31849
838,7561
839,1510
840,75
841,2173
842,7561
843,1510
844,1877
845,7561
846,1510
847,16221
848,7561
849,1510
850,57393
851,7561
852,1510
853,57596
854,7561
855,1510
856,2138
857,7561
858,1510
859,16615
860,7561
861,1510
862,5274
863,7561
864,1510
865,24028
866,7561
867,1510
868,13974
869,7561
870,1510
871,4660
872,7561
873,1510
874,17812
875,7561
876,1510
877,18439
878,7561
879,1510
880,16546
881,7561
882,1510
883,50885
884,7561
885,1510
886,4650
887,7561
888,1510
889,29069
890,7561
891,1510
892,71
893,344
894,7561
895,1510
896,77302
897,7561
898,1510
899,26184
900,7561
901,1510
902,1681
903,7561
904,1510
905,28288
906,7561
907,1510
908,447
909,7561
910,1510
911,723
912,7561
913,1510
914,698
915,7561
916,1510
917,5231
918,7561
919,1510
920,2309
921,7561
922,1510
923,4394
924,7561
925,1510
926,3081
927,7561
928,1510
929,851
930,7561
931,1510
932,4775
933,7561
934,1510
935,2428
936,7561
937,1510
938,5378
939,7561
940,1510
941,2388
942,7561
943,1510
944,9215
945,7561
946,1510
947,26558
948,7561
949,1510
950,40027
951,7561
952,1510
953,9252
954,7561
955,1510
956,8689
957,7561
958,1510
959,13259
960,7561
961,1510
962,30499
963,7561
964,1510
965,45138
966,7561
967,1510
968,17961
969,7561
970,1510
971,12749
972,7561
973,1510
974,19974
975,7561
976,1510
977,6184
978,7561
979,1510
980,28726
981,7561
982,1510
983,11093
984,7561
985,1510
986,7449
987,7561
988,1510
989,12624
990,7561
991,1510
992,4380
993,7561
994,1510
995,4480
996,7561
997,1510
998,7945
999,7561
1000,1510
1001,8534
1002,7561
1003,1510
1004,4435
1005,7561
1006,1510
1007,7450
1008,7561
1009,1510
1010,15489
1011,7561
1012,1510
1013,16759
1014,7561
1015,1510
1016,15696
1017,7561
1018,1510
1019,29500
1020,7561
1021,1510
1022,16991
1023,7561
